/*!40101 SET @OLD_CHARACTER_SET_CLIENT=@@CHARACTER_SET_CLIENT */;
/*!40101 SET NAMES utf8mb4 */;
/*!40014 SET @OLD_FOREIGN_KEY_CHECKS=@@FOREIGN_KEY_CHECKS, FOREIGN_KEY_CHECKS=0 */;
/*!40101 SET @OLD_SQL_MODE=@@SQL_MODE, SQL_MODE='NO_AUTO_VALUE_ON_ZERO' */;

-- 导出 webstack 的数据库结构
CREATE DATABASE IF NOT EXISTS `webstack` /*!40100 DEFAULT CHARACTER SET utf8mb4 */;
USE `webstack`;


-- 导出  表 webstack.category 结构
CREATE TABLE IF NOT EXISTS `category` (
  `id` int(10) unsigned NOT NULL AUTO_INCREMENT,
  `parent_id` int(11) NOT NULL DEFAULT '0',
  `sort` int(11) NOT NULL DEFAULT '0',
  `title` varchar(50) COLLATE utf8mb4_unicode_ci NOT NULL,
  `icon` varchar(20) COLLATE utf8mb4_unicode_ci NOT NULL,
  `levels` int(11) DEFAULT NULL,
  `create_time` timestamp NULL DEFAULT NULL,
  `update_time` timestamp NULL DEFAULT NULL,
  PRIMARY KEY (`id`) USING BTREE
) ENGINE=InnoDB AUTO_INCREMENT=41 DEFAULT CHARSET=utf8mb4 COLLATE=utf8mb4_unicode_ci ROW_FORMAT=DYNAMIC COMMENT='站分类';

-- 正在导出表  webstack.category 的数据：~34 rows (大约)
/*!40000 ALTER TABLE `category` DISABLE KEYS */;
REPLACE INTO `category` (`id`, `parent_id`, `sort`, `title`, `icon`, `levels`, `create_time`, `update_time`) VALUES
	(1, 0, 1, '常用推荐', 'fa-star-o', 1, '2019-01-21 12:48:58', '2019-12-18 12:01:59'),
	(2, 0, 2, '社区资讯', 'fa-bullhorn', 1, '2019-01-21 12:50:17', '2019-12-18 12:02:05'),
	(3, 0, 5, '灵感采集', 'fa-lightbulb-o', 1, '2019-01-21 13:53:10', '2019-12-19 11:14:45'),
	(4, 3, 4, '发现产品', 'fa-star-o', 2, '2019-01-21 13:53:31', '2019-01-21 13:53:34'),
	(5, 3, 5, '界面灵感', 'fa-star-o', 2, '2019-01-21 13:53:49', '2019-01-21 13:55:42'),
	(6, 3, 6, '网页灵感', 'fa-star-o', 2, '2019-01-21 13:54:00', '2019-01-21 13:55:42'),
	(7, 0, 7, '素材资源', 'fa-thumbs-o-up', 1, '2019-01-21 13:54:42', '2019-01-21 13:55:42'),
	(8, 7, 8, '图标素材', 'fa-star-o', 2, '2019-01-21 13:54:59', '2019-01-21 14:12:01'),
	(9, 7, 9, 'LOGO设计', 'fa-star-o', 2, '2019-01-21 13:55:11', '2019-01-21 13:55:42'),
	(10, 7, 10, '平面素材', 'fa-star-o', 2, '2019-01-21 13:55:25', '2019-01-21 13:55:42'),
	(11, 7, 11, 'UI资源', 'fa-star-o', 2, '2019-01-21 13:55:31', '2019-01-21 13:55:42'),
	(12, 7, 12, 'Sketch资源', 'fa-star-o', 2, '2019-01-22 01:00:51', '2019-01-22 01:07:04'),
	(13, 7, 13, '字体资源', 'fa-star-o', 2, '2019-01-22 01:01:02', '2019-01-22 01:07:04'),
	(14, 7, 14, 'Mockup', 'fa-star-o', 2, '2019-01-22 01:01:12', '2019-01-22 01:07:04'),
	(15, 7, 15, '摄影图库', 'fa-star-o', 2, '2019-01-22 01:01:23', '2019-01-22 01:07:04'),
	(16, 7, 16, 'PPT资源', 'fa-star-o', 2, '2019-01-22 01:01:33', '2019-01-22 01:07:04'),
	(17, 0, 17, '常用工具', 'fa-cogs', 1, '2019-01-22 01:02:04', '2019-01-22 01:07:04'),
	(18, 17, 18, '图形创意', 'fa-star-o', 2, '2019-01-22 01:02:14', '2019-01-22 01:07:04'),
	(19, 17, 19, '界面设计', 'fa-star-o', 2, '2019-01-22 01:02:24', '2019-01-22 01:07:04'),
	(20, 17, 20, '交互动效', 'fa-star-o', 2, '2019-01-22 01:02:32', '2019-01-22 01:07:04'),
	(21, 17, 21, '在线配色', 'fa-star-o', 2, '2019-01-22 01:02:40', '2019-01-22 01:07:04'),
	(22, 17, 22, '在线工具', 'fa-star-o', 2, '2019-01-22 01:02:49', '2019-01-22 01:07:04'),
	(23, 17, 23, 'Chrome插件', 'fa-star-o', 2, '2019-01-22 01:02:58', '2019-01-22 01:07:04'),
	(24, 0, 24, '学习教程', 'fa-pencil', 1, '2019-01-22 01:03:17', '2019-01-22 01:07:04'),
	(25, 24, 25, '设计规范', 'fa-star-o', 2, '2019-01-22 01:03:29', '2019-01-22 01:07:04'),
	(26, 24, 26, '视频教程', 'fa-star-o', 2, '2019-01-22 01:03:36', '2019-01-22 01:07:04'),
	(27, 24, 27, '设计文章', 'fa-star-o', 2, '2019-01-22 01:03:44', '2019-01-22 01:07:04'),
	(28, 24, 28, '设计电台', 'fa-star-o', 2, '2019-01-22 01:03:52', '2019-01-22 01:07:04'),
	(35, 0, 0, '小玩意儿', 'fa-thumbs-up', 1, '2019-07-26 16:08:10', '2019-12-17 20:23:16'),
	(36, 0, 1, '常用搜索', 'fa-bar-chart-o', 1, '2019-12-19 10:14:01', NULL),
	(37, 0, 3, '休闲娱乐', 'fa-automobile', 1, '2019-12-19 10:45:08', NULL),
	(38, 0, 4, 'IT技术', 'fa-check', 1, '2019-12-19 11:14:21', '2019-12-19 11:15:31'),
	(39, 17, 2, '网站管理', 'fa-align-justify', 2, '2019-12-19 21:53:17', NULL),
	(40, 17, 39, '常用邮箱登录入口', 'fa-angellist', 2, '2019-12-20 19:36:52', NULL);
/*!40000 ALTER TABLE `category` ENABLE KEYS */;


-- 导出  表 webstack.code_dbinfo 结构
CREATE TABLE IF NOT EXISTS `code_dbinfo` (
  `id` int(10) unsigned NOT NULL AUTO_INCREMENT,
  `name` varchar(20) DEFAULT NULL COMMENT '别名',
  `db_driver` varchar(100) NOT NULL COMMENT '数据库驱动',
  `db_url` varchar(200) NOT NULL COMMENT '数据库地址',
  `db_user_name` varchar(100) NOT NULL COMMENT '数据库账户',
  `db_password` varchar(100) NOT NULL COMMENT '连接密码',
  `db_type` varchar(10) DEFAULT NULL COMMENT '数据库类型',
  `create_time` datetime DEFAULT NULL COMMENT '创建时间',
  `update_time` datetime DEFAULT NULL COMMENT '修改时间',
  PRIMARY KEY (`id`) USING BTREE
) ENGINE=InnoDB DEFAULT CHARSET=utf8 ROW_FORMAT=COMPACT COMMENT='数据库链接信息';

-- 正在导出表  webstack.code_dbinfo 的数据：~0 rows (大约)
/*!40000 ALTER TABLE `code_dbinfo` DISABLE KEYS */;
/*!40000 ALTER TABLE `code_dbinfo` ENABLE KEYS */;


-- 导出  表 webstack.site 结构
CREATE TABLE IF NOT EXISTS `site` (
  `id` int(10) unsigned NOT NULL AUTO_INCREMENT,
  `category_id` int(11) DEFAULT NULL,
  `title` varchar(50) COLLATE utf8mb4_unicode_ci DEFAULT NULL,
  `thumb` varchar(100) COLLATE utf8mb4_unicode_ci DEFAULT NULL,
  `description` varchar(300) COLLATE utf8mb4_unicode_ci DEFAULT NULL,
  `url` varchar(2048) COLLATE utf8mb4_unicode_ci DEFAULT NULL,
  `create_time` timestamp NOT NULL DEFAULT CURRENT_TIMESTAMP,
  `update_time` timestamp NULL DEFAULT NULL,
  PRIMARY KEY (`id`) USING BTREE
) ENGINE=InnoDB AUTO_INCREMENT=272 DEFAULT CHARSET=utf8mb4 COLLATE=utf8mb4_unicode_ci ROW_FORMAT=DYNAMIC COMMENT='网站信息';

-- 正在导出表  webstack.site 的数据：~237 rows (大约)
/*!40000 ALTER TABLE `site` DISABLE KEYS */;
REPLACE INTO `site` (`id`, `category_id`, `title`, `thumb`, `description`, `url`, `create_time`, `update_time`) VALUES
	(1, 1, 'Dribbble', '7db1257f40b9b04482744387a00b359d.png', '全球UI设计师作品分享平台。', 'https://dribbble.com/', '2019-01-21 15:23:29', '2019-03-12 02:13:08'),
	(2, 1, 'Behance', 'c3b59ad338e7e122072b867381e4b599.png', 'Adobe旗下的设计师交流平台，来自世界各地的设计师在这里分享自己的作品。', 'https://behance.net/', '2019-01-22 01:11:24', '2019-01-22 01:11:24'),
	(3, 1, 'UI中国', '9458ececbfeea651b5e871179f245ce5.png', '图形交互与界面设计交流、作品展示、学习平台。', 'http://www.ui.cn/', '2019-01-22 01:13:10', '2019-01-22 01:13:10'),
	(4, 1, '站酷', 'c2aa8b63006d36a026e419bf3e0d7e50.png', '中国人气设计师互动平台。', 'http://www.zcool.com.cn/', '2019-01-22 01:14:04', '2019-01-22 01:14:04'),
	(5, 1, 'Pinterest', '4b8c9c66df25d3867961ebbd6a824eea.png', '全球美图收藏采集站。', 'https://www.pinterest.com/', '2019-01-22 01:14:51', '2019-01-22 01:14:51'),
	(6, 1, '花瓣', '48c7741c42e39eae508c3d9eef4e7a97.png', '收集灵感,保存有用的素材。', 'http://huaban.com/', '2019-01-22 01:15:35', '2019-01-22 01:15:35'),
	(7, 1, 'Medium', '11b56d4a9cc9297638d46c4b67c73693.png', '高质量设计文章。', 'https://medium.com/', '2019-01-22 01:16:14', '2019-01-22 01:16:14'),
	(8, 1, '优设', '636342035cdd2fbc08097d012b5e5fad.png', '设计师交流学习平台。', 'http://www.uisdc.com/', '2019-01-22 01:17:07', '2019-01-22 01:17:07'),
	(9, 1, 'Producthunt', '8bdf511e23b183f9aac30aee3368152b.png', '发现新鲜有趣的产品。', 'https://www.producthunt.com/', '2019-01-22 01:17:50', '2019-01-22 01:17:50'),
	(10, 1, 'Youtube', '15b4f46186f718e92b97f6f282f140fd.png', '全球最大的学习分享平台。', 'https://www.youtube.com/', '2019-01-22 01:18:31', '2019-01-22 01:18:31'),
	(11, 36, 'Google', '643faef109965a9cedcf9cde74d0adb1.png', '全球最大的搜索平台。', 'https://www.google.com/', '2019-01-22 01:19:35', '2019-12-19 11:02:46'),
	(12, 2, '雷锋网', '57ab570b631cc25a23390f507d496bc6.png', '人工智能和智能硬件领域的互联网科技媒体。', 'https://www.leiphone.com/', '2019-01-22 01:21:05', '2019-01-22 01:21:05'),
	(13, 2, '36kr', 'adef44c84185d959446024452ad615cc.png', '创业资讯、科技新闻。', 'http://36kr.com/', '2019-01-22 01:21:52', '2019-01-22 01:21:52'),
	(14, 2, '数英网', 'cee8fd836f98652f52fcc6046ba9db89.png', '数字媒体及职业招聘网站。', 'https://www.digitaling.com/', '2019-01-22 01:23:15', '2019-01-22 01:23:15'),
	(15, 2, '猎云网', 'f9b1cfa239abdda5ee2dca7c04ca2d73.png', '互联网创业项目推荐和创业创新资讯。', 'http://www.lieyunwang.com/', '2019-01-22 01:24:21', '2019-01-22 01:24:21'),
	(16, 2, '人人都是产品经理', 'fe7dcb7b5937c3bcf6043ba7d9379fbe.png', '产品经理、产品爱好者学习交流平台。', 'http://www.woshipm.com/', '2019-01-22 01:25:07', '2019-01-22 01:25:07'),
	(17, 2, '互联网早读课', 'ecd5eefc4ec4bac49916a91c2da44412.png', '互联网行业深度阅读与学习平台。', 'https://www.zaodula.com/', '2019-01-22 01:25:41', '2019-01-22 01:25:41'),
	(18, 2, '产品壹佰', '2f4235fb1eb75822a44903d9894760d7.png', '为产品经理爱好者提供最优质的产品资讯、原创内容和相关视频课程。', 'http://www.chanpin100.com/', '2019-01-22 01:26:27', '2019-01-22 01:26:27'),
	(19, 2, 'PMCAFF', 'a76e60c2d42f5bbdacbf7dd120810194.png', '中国第一产品经理人气组织，专注于研究互联网产品。', 'http://www.pmcaff.com/', '2019-01-22 01:27:08', '2019-01-22 01:27:08'),
	(20, 2, '爱运营', 'f84a9e00d63b007ea09df75dbdaf9549.png', '网站运营人员学习交流，专注于网站产品运营管理、淘宝运营。', 'http://www.iyunying.org/', '2019-01-22 01:28:09', '2019-01-22 01:28:09'),
	(21, 2, '鸟哥笔记', 'e424308a81c187bc42e95addf462b4c8.png', '移动互联网第一干货平台。', 'http://www.niaogebiji.com/', '2019-01-22 01:29:56', '2019-01-22 01:29:56'),
	(22, 2, '古田路9号', 'e22a54099a69f7e76c471d7f6a253fe8.png', '国内专业品牌创意平台。', 'http://www.gtn9.com/', '2019-01-22 01:30:29', '2019-01-22 01:30:29'),
	(23, 2, '优阁网', '74a25f510e403f4ef28212146510dfa7.png', 'UI设计师学习交流社区。', 'http://www.uigreat.com/', '2019-01-22 01:32:17', '2019-01-22 01:32:17'),
	(24, 4, 'Producthunt', 'a1cc88fa0a3bf74349ba9c08a67abdc7.png', '发现新鲜有趣的产品。', 'https://www.producthunt.com/', '2019-01-22 01:33:37', '2019-01-22 01:33:37'),
	(25, 4, 'NEXT', '0e2b6c9a5afd4f83d2e22632b08f56ef.png', '不错过任何一个新产品。', 'http://next.36kr.com/posts', '2019-01-22 01:34:41', '2019-01-22 01:34:41'),
	(26, 4, '少数派', '2d01ac82bb496b607c43e7b2b29cd069.png', '高品质数字消费指南。', 'https://sspai.com/', '2019-01-22 01:36:08', '2019-01-22 01:36:08'),
	(27, 4, '利器', '98e2ee62a90b6243630f4aa479b4b47b.png', '创造者和他们的工具。', 'http://liqi.io/', '2019-01-22 01:36:53', '2019-01-22 01:36:53'),
	(28, 4, 'Today', '1726189292537c3a2733ebc673b7f1d6.png', '为身边的新产品喝彩。', 'http://today.itjuzi.com/', '2019-01-22 01:37:37', '2019-01-22 01:37:37'),
	(29, 4, '小众软件', '76b49053ce87ab3c7419c7cdf6fa4f07.png', '在这里发现更多有趣的应用。', 'https://faxian.appinn.com', '2019-01-22 01:38:04', '2019-01-22 01:38:04'),
	(30, 5, 'Pttrns', '1c759dc53774e5758a31fee0401e213a.png', 'Check out the finest collection of design patterns, resources, mobile apps and inspiration', 'https://www.pttrns.com/', '2019-01-22 01:39:09', '2019-01-22 01:39:09'),
	(31, 5, 'Collect UI', '7e802c77c7bb6c85c1e2bb608a4a13cd.png', 'Daily inspiration collected from daily ui archive and beyond.', 'http://collectui.com/', '2019-01-22 01:39:58', '2019-01-22 01:39:58'),
	(32, 5, 'UI uigreat', 'd140fe4bd548f273ddd00f35e1ad5ff5.png', 'APP界面截图参考。', 'http://ui.uigreat.com/', '2019-01-22 01:40:40', '2019-01-22 01:40:40'),
	(33, 5, 'Android Niceties', '8b6e0af7df3a5d77a14e41a0f5f36dc5.png', 'A collection of screenshots encompassing some of the most beautiful looking Android apps.', 'http://androidniceties.tumblr.com/', '2019-01-22 01:41:21', '2019-01-22 01:41:21'),
	(34, 6, 'Awwwards', 'bdd6c88417790c97de2c2d0643cc602c.png', 'aaa', 'https://www.awwwards.com/', '2019-01-22 01:44:09', '2019-01-22 01:51:33'),
	(35, 6, 'CSS Design Awards', '481219fe4285f1f4ec1311acce7deb06.png', 'Website Awards & Inspiration - CSS Gallery', 'https://www.cssdesignawards.com/', '2019-01-22 01:44:45', '2019-01-22 01:51:41'),
	(36, 6, 'The FWA', '8fe5280ff7dc3012fb88781dd9ff4b93.png', 'FWA - showcasing innovation every day since 2000', 'https://thefwa.com/', '2019-01-22 01:45:19', '2019-01-22 01:51:48'),
	(37, 6, 'Ecommercefolio', '950d52c71e28f1c9ed964732d6ed18fd.png', 'Only the Best Ecommerce Design Inspiration.', 'http://www.ecommercefolio.com/', '2019-01-22 01:50:41', '2019-01-22 01:50:41'),
	(38, 6, 'Lapa', '1824678ec13d01b76df47fc5975178fa.png', 'The best landing page design inspiration from around the web.', 'http://www.lapa.ninja/', '2019-01-22 01:51:15', '2019-01-22 01:51:15'),
	(39, 6, 'Reeoo', '5205b768b9b640bfada244ce9d15318d.png', 'web design inspiration and website gallery.', 'http://reeoo.com/', '2019-01-22 01:52:43', '2019-01-22 01:52:43'),
	(40, 6, 'Designmunk', '31de409b71235b76d605e98293d68cb3.png', 'Best Homepage Design Inspiration.', 'https://designmunk.com/', '2019-01-22 01:53:28', '2019-01-22 01:53:28'),
	(41, 6, 'Best Websites Gallery', '862823249aa701d8bc8af16ae98f1e3a.png', 'Website Showcase Inspiration | Best Websites Gallery.', 'https://bestwebsite.gallery/', '2019-01-22 01:57:32', '2019-01-22 01:57:32'),
	(42, 6, 'Pages', '90fd20bd3e7ae7c7fe37ea689dcca32c.png', 'Curated directory of the best Pages.', 'http://www.pages.xyz/', '2019-01-22 01:58:07', '2019-01-22 01:58:07'),
	(43, 6, 'SiteSee', 'da24d08a597456be98191b4a08eff4d6.png', 'SiteSee is a curated gallery of beautiful, modern websites collections.', 'https://sitesee.co/', '2019-01-22 01:58:42', '2019-01-22 01:58:42'),
	(44, 6, 'Site Inspire', 'c15c9017ad6874faae0df64bd969115b.png', 'A CSS gallery and showcase of the best web design inspiration.', 'https://www.siteinspire.com/', '2019-01-22 01:59:13', '2019-01-22 01:59:13'),
	(45, 6, 'WebInspiration', 'f8fe63594e2083755086ee294b036108.png', '网页设计欣赏,全球顶级网页设计。', 'http://web.uedna.com/', '2019-01-22 01:59:54', '2019-01-22 01:59:54'),
	(46, 6, 'navnav', '86b9e596068f2a71d2a2444733a4094e.png', 'A ton of CSS, jQuery, and JavaScript responsive navigation examples, demos, and tutorials from all over the web.', 'http://navnav.co/', '2019-01-22 02:00:24', '2019-01-22 02:00:24'),
	(47, 6, 'Really Good UX', '948b0f5b62e59ef0a97edf4b9a51c404.png', 'A library of screenshots and examples of really good UX. Brought to you by .', 'https://www.reallygoodux.io/', '2019-01-22 02:01:05', '2019-01-22 02:01:05'),
	(48, 8, 'Iconfinder', 'e3325f68179436ccfc25b9f0ffff5a39.png', '2,100,000+ free and premium vector icons.', 'https://www.iconfinder.com', '2019-01-22 03:01:41', '2019-01-22 03:01:41'),
	(49, 8, 'iconfont', 'e1f63337915f79f8bcad1952adb9f6e1.png', '阿里巴巴矢量图标库。', 'http://www.iconfont.cn/', '2019-01-22 03:02:16', '2019-01-22 03:02:16'),
	(50, 8, 'iconmonstr', 'afd4885651455f12dcac4f214460dd99.png', 'Free simple icons for your next project.', 'https://iconmonstr.com/', '2019-01-22 03:02:46', '2019-01-22 03:02:46'),
	(51, 8, 'FindIcons', '0171a46b0f643752aa90aa314a22a546.png', 'Search through 300,000 free icons.', 'https://findicons.com/', '2019-01-22 03:03:24', '2019-01-22 03:03:24'),
	(52, 8, 'Icon Archive', '40c43a8932f24370cf456789b2ab51db.png', 'Search 590,912 free icons.', 'http://www.iconarchive.com/', '2019-01-22 03:04:28', '2019-01-22 03:04:28'),
	(53, 8, 'IcoMoonApp', 'd19c97ead3760f1b70efa4ee9ad6859c.png', 'Icon Font, SVG, PDF & PNG Generator.', 'https://icomoon.io/app/', '2019-01-22 03:05:49', '2019-01-22 03:05:49'),
	(54, 8, 'easyicon', '34b4382075e047c6d1456f8fe591a1ef.png', 'PNG、ICO、ICNS格式图标搜索、图标下载服务。', 'http://www.easyicon.net/', '2019-01-22 03:06:47', '2019-01-22 03:06:47'),
	(55, 8, 'flaticon', '582cf7361a0b4f444628c68b98e5cfc7.png', '634,000+ Free vector icons in SVG, PSD, PNG, EPS format or as ICON FONT.', 'https://www.flaticon.com/', '2019-01-22 03:07:28', '2019-01-22 03:07:28'),
	(56, 8, 'UICloud', 'f9840e127d500449da1c5c721f3634c3.png', 'The largest user interface design database in the world.', 'http://ui-cloud.com/', '2019-01-22 03:08:10', '2019-01-22 03:08:10'),
	(57, 8, 'Material icons', '32a037ffbdd2f97f6f6e62e56321c519.png', 'Access over 900 material system icons, available in a variety of sizes and densities, and as a web font.', 'https://material.io/icons/', '2019-01-22 03:09:00', '2019-01-22 03:09:00'),
	(58, 8, 'Font Awesome Icon', '88440b8b0d5dc43a3f766670e2d11746.png', 'The complete set of 675 icons in Font Awesome.', 'https://fontawesome.com/', '2019-01-22 03:09:59', '2019-01-22 03:09:59'),
	(59, 8, 'ion icons', '6d0fd0bf35549f6d61037bd86e2ca242.png', 'The premium icon font for Ionic Framework.', 'http://ionicons.com/', '2019-01-22 03:10:37', '2019-01-22 03:10:37'),
	(60, 8, 'Simpleline Icons', 'acf446f1af754f863260cc10dd8d546e.png', 'Simple line Icons pack.', 'http://simplelineicons.com/', '2019-01-22 03:11:11', '2019-01-22 03:11:11'),
	(61, 9, 'Iconsfeed', 'aee21da67d9771c2ebf3f6779afc9649.png', 'iOS icons gallery.', 'http://www.iconsfeed.com/', '2019-01-22 03:12:11', '2019-01-22 03:12:11'),
	(62, 9, 'iOS Icon Gallery', '98c9f52ede06a56532d5d16afda9d570.png', 'Showcasing beautiful icon designs from the iOS App Store.', 'http://iosicongallery.com/', '2019-01-22 03:12:59', '2019-01-22 03:12:59'),
	(63, 9, 'World Vector Logo', 'c8da40d11f726d974293efc40c9acfb5.png', 'Brand logos free to download.', 'https://worldvectorlogo.com/', '2019-01-22 03:14:10', '2019-01-22 03:14:10'),
	(64, 9, 'Instant Logo Search', '907f35950eae72526a314306cc59efa7.png', 'Search & download thousands of logos instantly.', 'http://instantlogosearch.com/', '2019-01-22 03:14:50', '2019-01-22 03:14:50'),
	(65, 10, 'freepik', '6a96564b2d100bad3674db5e56794a97.png', 'More than a million free vectors, PSD, photos and free icons.', 'https://www.freepik.com/', '2019-01-22 03:17:22', '2019-01-22 03:17:22'),
	(66, 10, 'wallhalla', '9354f99621e8530d0f996fe4b96ad2c3.png', 'Find awesome high quality wallpapers for desktop and mobile in one place.', 'https://wallhalla.com/', '2019-01-22 03:17:55', '2019-01-22 03:17:55'),
	(67, 10, '365PSD', '13b10a2f9388e83101d7a35b83ff28bc.png', 'Free PSD & Graphics, Illustrations.', 'https://365psd.com/', '2019-01-22 03:18:22', '2019-01-22 03:18:22'),
	(68, 10, 'Medialoot', 'b117eb768a44d662ded91d1f0a9cb1c2.png', 'Free & Premium Design Resources — Medialoot.', 'https://medialoot.com/', '2019-01-22 03:18:52', '2019-01-22 03:18:52'),
	(69, 10, '千图网', '9a24027c0e9d498efb4ad88a330882f8.png', '专注免费设计素材下载的网站。', 'http://www.58pic.com/', '2019-01-22 03:19:35', '2019-01-22 03:19:35'),
	(70, 10, '千库网', '15ffa7b3a5cab15c7d23d402be12cc4c.png', '免费png图片背景素材下载。', 'http://588ku.com/', '2019-01-22 03:20:14', '2019-01-22 03:20:14'),
	(71, 10, '我图网', 'a887a255bbe7fe994e0479ae988372c7.png', '我图网,提供图片素材及模板下载,专注正版设计作品交易。', 'http://www.ooopic.com/', '2019-01-22 03:20:54', '2019-01-22 03:20:54'),
	(72, 10, '90设计', 'c510c1946d6191a98c6fd3b08ca720ec.png', '电商设计（淘宝美工）千图免费淘宝素材库。', 'http://90sheji.com/', '2019-01-22 03:21:29', '2019-01-22 03:21:29'),
	(73, 10, '昵图网', 'd4fba2a16c7a1692ea21f4f0a8ae7672.png', '原创素材共享平台。', 'http://www.nipic.com/', '2019-01-22 03:22:11', '2019-01-22 03:22:11'),
	(74, 10, '懒人图库', 'a7e5f98173ea111df83da146a86436a1.png', '懒人图库专注于提供网页素材下载。', 'http://www.lanrentuku.com/', '2019-01-22 03:23:20', '2019-01-22 03:23:20'),
	(75, 10, '素材搜索', 'cbca7fabfd7c6d1b117547466bc564ad.png', '设计素材搜索聚合。', 'http://so.ui001.com/', '2019-01-22 03:24:03', '2019-01-22 03:24:03'),
	(76, 10, 'PS饭团网', '7ffad2eac8cbad395d33914344d3aa0a.png', '不一样的设计素材库！让自己的设计与众不同！', 'http://psefan.com/', '2019-01-22 03:24:44', '2019-01-22 03:24:44'),
	(77, 10, '素材中国', 'ced6b2a53069c7d360ba78706244081f.png', '免费素材共享平台。', 'http://www.sccnn.com/', '2019-01-22 03:25:22', '2019-01-22 03:25:22'),
	(78, 11, 'Freebiesbug', '4288052485ced84952e206a4acfb92ad.png', 'Hand-picked resources for web designer and developers, constantly updated.', 'https://freebiesbug.com/', '2019-01-22 03:26:32', '2019-01-22 03:26:32'),
	(79, 11, 'Freebie Supply', '2ae393ad916a108ba20d21a8b907477e.png', 'Free Resources For Designers.', 'https://freebiesupply.com/', '2019-01-22 03:27:09', '2019-01-22 03:27:09'),
	(80, 11, '云瑞', '528f9304b0dab49f5fe2426d4d9d047c.png', '优秀设计资源的分享网站。', 'https://www.yrucd.com/', '2019-01-22 04:20:59', '2019-01-22 04:20:59'),
	(81, 11, 'Designmodo', '2061e0ccebfbb1a94a28d86237589b23.png', 'Web Design Blog and Shop.', 'https://designmodo.com/', '2019-01-22 04:21:38', '2019-01-22 04:21:38'),
	(82, 11, '稀土区', '4f5171443ad0ec6b13b7f96b8cead4bd.png', '优质设计开发资源分享。', 'https://xituqu.com/', '2019-01-22 04:22:15', '2019-01-22 04:22:15'),
	(83, 11, 'ui8', 'b815917aad63f449a96900979a16eb4e.png', 'UI Kits, Wireframe Kits, Templates, Icons and More.', 'https://ui8.net/', '2019-01-22 04:22:57', '2019-01-22 04:22:57'),
	(84, 11, 'uplabs', '42d3d29c62a19e8d4ca6395586d79ee7.png', 'Daily resources for product designers & developers.', 'https://www.uplabs.com/', '2019-01-22 04:23:39', '2019-01-22 04:23:39'),
	(85, 11, 'UIkit.me', '13b4ac8efdc9f92e52e7f271b8034b24.png', '最便捷新鲜的uikit资源下载网站。', 'http://www.uikit.me/', '2019-01-22 04:24:19', '2019-01-22 04:24:19'),
	(86, 11, 'Fribbble', '04c1b51de97ceac330358fa7d1685034.png', 'Free PSD files and other free design resources by Dribbblers.', 'http://www.fribbble.com/', '2019-01-22 04:24:54', '2019-01-22 04:24:54'),
	(87, 11, 'PrincipleRepo', 'e3e93f407dcc94461bea06979e89e4a2.png', 'Free, High Quality Principle Resources.', 'http://principlerepo.com/', '2019-01-22 04:25:30', '2019-01-22 04:25:30'),
	(88, 12, 'Sketch', 'ff6a2f8afaeb91004416c96788f9da95.png', 'The digital design toolkit.', 'https://sketchapp.com/', '2019-01-22 04:26:17', '2019-01-22 04:26:17'),
	(89, 12, 'Sketch Measure', '69bf814d311d932ea13b746ffc1f9f54.png', 'Friendly user interface offers you a more intuitive way of making marks.', 'http://utom.design/measure/', '2019-01-22 04:26:55', '2019-01-22 04:26:55'),
	(90, 12, 'Sketch App Sources', 'ccf82c5a27a285ba63cf3c4ff8964a25.png', 'Free design resources and plugins - Icons, UI Kits, Wireframes, iOS, Android Templates for Sketch', 'https://www.sketchappsources.com/', '2019-01-22 04:27:43', '2019-01-22 04:27:43'),
	(91, 12, 'Sketch.im', '6055276a55b62db423c2b060d3f6b044.png', 'Sketch 相关资源汇聚。', 'http://www.sketch.im/', '2019-01-22 04:28:20', '2019-01-22 04:28:20'),
	(92, 12, 'Sketch Hunt', 'c4bf007a61d761db1f895672a2519cd0.png', 'Sketch Hunt is an independent blog sharing gems in learning, plugins & design tools for fans of Sketch app.', 'http://sketchhunt.com/', '2019-01-22 04:29:44', '2019-01-22 04:29:44'),
	(93, 12, 'Sketch中文网', 'a26a90da0d304cd3502cdb53e85995b9.png', '分享最新的Sketch中文手册。', 'http://www.sketchcn.com/', '2019-01-22 04:30:21', '2019-01-22 04:30:21'),
	(94, 12, 'Awesome Sketch Plugins', '255cf49affef2fbaba8cd15c3e7329b5.png', 'A collection of really useful Sketch plugins.', 'https://awesome-sket.ch/', '2019-01-22 04:31:24', '2019-01-22 04:31:24'),
	(95, 12, 'Sketchcasts', 'fa8c8b179ab48ad61e61a18d1720e019.png', 'Learn Sketch Train your design skills with a weekly video tutorial', 'https://www.sketchcasts.net/', '2019-01-22 04:32:00', '2019-01-22 04:32:00'),
	(96, 13, 'Google Font', '91c604a4ca98b1bb5719e04c80043419.png', 'Making the web more beautiful, fast, and open through great typography.', 'https://fonts.google.com/', '2019-01-22 04:32:42', '2019-01-22 04:32:42'),
	(97, 13, 'Typekit', '7dbc17741d30274995615612dc1d075f.png', 'Quality fonts from the world’s best foundries.', 'https://typekit.com/', '2019-01-22 04:33:14', '2019-01-22 04:33:14'),
	(98, 13, '方正字库', '8ffeec1d3ad96a39dd4ede9794756b87.png', '方正字库官方网站。', 'http://www.foundertype.com/', '2019-01-22 04:37:57', '2019-01-22 04:37:57'),
	(99, 13, '字体传奇网', 'd5fc1ea541fe215ae449a0ae27a09a76.png', '中国首个字体品牌设计师交流网。', 'http://ziticq.com/', '2019-01-22 04:38:51', '2019-01-22 04:38:51'),
	(100, 13, '私藏字体', '125e538efd8b3ea68d3655cb81ccc06f.png', '优质字体免费下载站。', 'http://sicangziti.com/', '2019-01-22 04:40:03', '2019-01-22 04:40:03'),
	(101, 13, 'Fontsquirrel', '94684e5203623eb5540a4b5a0e0b70b0.png', 'FREE fonts for graphic designers.', 'https://www.fontsquirrel.com/', '2019-01-22 04:40:43', '2019-01-22 04:40:43'),
	(102, 13, 'Urban Fonts', '40139afeda032d1a3cd54459d065b31b.png', 'Download Free Fonts and Free Dingbats.', 'https://www.urbanfonts.com/', '2019-01-22 04:41:23', '2019-01-22 04:41:23'),
	(103, 13, 'Lost Type', 'cfe0904ec3e37914be51687a2b15f5cf.png', 'Lost Type is a Collaborative Digital Type Foundry.', 'http://www.losttype.com/', '2019-01-22 04:41:56', '2019-01-22 04:41:56'),
	(104, 13, 'FONTS2U', '19bd844dc123066620d1f6fda7287e48.png', 'Download free fonts for Windows and Macintosh.', 'https://fonts2u.com/', '2019-01-22 04:42:46', '2019-01-22 04:42:46'),
	(105, 13, 'Fontex', '1576a7303fb2fa3839016a599418203b.png', 'Free Fonts to Download + Premium Typefaces.', 'http://www.fontex.org/', '2019-01-22 04:43:17', '2019-01-22 04:43:17'),
	(106, 13, 'FontM', '5ee459b3c52027eb8dcd9c8c6e9266a0.png', 'Free Fonts.', 'http://fontm.com/', '2019-01-22 04:43:49', '2019-01-22 04:43:49'),
	(107, 13, 'My Fonts', '22572b2d9b38ea02f173074d59acf334.png', 'Fonts for Print, Products & Screens.', 'http://www.myfonts.com/', '2019-01-22 04:45:27', '2019-01-22 04:45:27'),
	(108, 13, 'Da Font', 'd0478f80b89bff215437714e62c6d997.png', 'Archive of freely downloadable fonts.', 'https://www.dafont.com/', '2019-01-22 04:46:04', '2019-01-22 04:46:04'),
	(109, 13, 'OnlineWebFonts', 'bccc59c04f6f283a63430700273ffdee.png', 'WEB Free Fonts for Windows and Mac / Font free Download.', 'https://www.onlinewebfonts.com/', '2019-01-22 04:46:36', '2019-01-22 04:46:36'),
	(110, 13, 'Abstract Fonts', 'fbedc66f865056e650a036f042625057.png', 'Abstract Fonts (13,866 free fonts).', 'http://www.abstractfonts.com/', '2019-01-22 04:47:08', '2019-01-22 04:47:08'),
	(111, 14, 'MockupZone', '75e599ff2f061dc25fa272de94045ca9.png', 'Mockup Zone is an online store where you can find free and premium PSD mockup files to show your designs in a professional way.', 'https://mockup.zone/', '2019-01-22 05:07:01', '2019-01-22 05:07:01'),
	(112, 14, 'Dunnnk', '7949d12743b95779412dd8673c324164.png', 'Generate Product Mockups For Free.', 'http://dunnnk.com/', '2019-01-22 05:08:13', '2019-01-22 05:08:13'),
	(113, 14, 'Graphberry', '1216f3642b463e7e9d493e4d00506566.png', 'Free design resources, Mockups, PSD web templates, Icons.', 'http://www.graphberry.com/', '2019-01-22 05:08:51', '2019-01-22 05:08:51'),
	(114, 14, 'Threed', '252114418dc086100cd58d10035a9436.png', 'Generate 3D Mockups right in your Browser', 'http://threed.io/', '2019-01-22 05:09:22', '2019-01-22 05:09:22'),
	(115, 14, 'Mockup World', 'c94ee98e4ada29c0916888820da31744.png', 'The best free Mockups from the Web', 'https://free.lstore.graphics/', '2019-01-22 05:09:54', '2019-01-22 05:09:54'),
	(116, 14, 'Lstore', '965f25d08ae3cd33fab21d764a514967.png', 'Exclusive mindblowing freebies for designers and developers.', 'https://free.lstore.graphics/', '2019-01-22 05:11:00', '2019-01-22 05:11:00'),
	(117, 14, 'pixeden', 'f8b5261bc1d5e5189b9c1216a6de8b3b.png', 'free web resources and graphic design templates.', 'https://www.pixeden.com/', '2019-01-22 05:11:36', '2019-01-22 05:11:36'),
	(118, 14, 'For Graphic TM', '20fceec1b9dd6c1183ad73a90becce7f.png', 'High Quality PSD Mockups for Graphic Designers.', 'http://forgraphictm.com/', '2019-01-22 05:12:28', '2019-01-22 05:12:28'),
	(119, 15, 'Unsplash', '72880b02dbea40fd84472abc05e6d23b.png', 'Beautiful, free photos.', 'https://unsplash.com/', '2019-01-22 05:16:19', '2019-01-22 05:16:19'),
	(120, 15, 'visualhunt', 'b2a1a1e4c043858ac2411f02b9236ff3.png', '100% Free High Quality Photos.', 'https://visualhunt.com/', '2019-01-22 05:16:55', '2019-01-22 05:16:55'),
	(121, 15, 'librestock', '94c5305f78dfadb241f9edcf3d9b870d.png', '65,084 high quality do-what-ever-you-want stock photos.', 'https://librestock.com/', '2019-01-22 05:17:27', '2019-01-22 05:17:34'),
	(122, 15, 'pixabay', '310cb7b52774323c7fdffe67aa0f12aa.png', '可在任何地方使用的免费图片和视频。', 'https://pixabay.com/', '2019-01-22 05:18:10', '2019-01-22 05:18:10'),
	(123, 15, 'SplitShire', '0e9933021af7cc4714e900c247010b30.png', 'Free Stock Photos and Videos for commercial use.', 'https://www.splitshire.com/', '2019-01-22 05:19:07', '2019-01-22 05:19:07'),
	(124, 15, 'StockSnap', 'fabf86558eb3a7c943c124f7f62f3542.png', 'Beautiful free stock photos.', 'https://stocksnap.io/', '2019-01-22 05:19:40', '2019-01-22 05:19:40'),
	(125, 15, 'albumarium', 'de8b7f26a21ea0b781f93a3163341731.png', 'The best place to find & share beautiful images.', 'http://albumarium.com/', '2019-01-22 05:20:11', '2019-01-22 05:20:11'),
	(126, 15, 'myphotopack', '80d85ea59d293bd43731a890f63c5dc9.png', 'A free photo pack just for you. Every month.', 'https://myphotopack.com/', '2019-01-22 05:20:44', '2019-01-22 05:20:44'),
	(127, 15, 'Notaselfie', 'eb5f9a9661e582883c9d3128bb9b4482.png', 'Photos that happen along the way. You can use the images anyway you like. Have fun!', 'http://notaselfie.com/', '2019-01-22 05:21:31', '2019-01-22 05:21:31'),
	(128, 15, 'papers', '3a6396ba24d253502f40432751a11b07.png', 'Wallpapers Every Hour!Hand collected :)', 'http://papers.co/', '2019-01-22 05:22:06', '2019-01-22 05:22:06'),
	(129, 15, 'stokpic', '9dce238279b24893eaa20a99fba802ea.png', 'Free Stock Photos For Commercial Use.', 'http://stokpic.com/', '2019-01-22 05:22:55', '2019-01-22 05:22:55'),
	(130, 15, '55mm', 'dd8adcbc65cc20e8fb6d6335fd57814a.png', 'Use our FREE photos to tell your story!', 'https://55mm.co/visuals', '2019-01-22 05:23:27', '2019-01-22 05:23:27'),
	(131, 15, 'thestocks', '2be533b5b00139b9022f09604f3bd136.png', 'Use our FREE photos to tell your story!', 'http://thestocks.im/', '2019-01-22 05:24:11', '2019-01-22 05:24:11'),
	(132, 15, 'freenaturestock', '85c87259ac26b4f48b084066b9e3ec8e.png', 'Exclusive mindblowing freebies for designers and developers.', 'http://freenaturestock.com/', '2019-01-22 05:27:20', '2019-01-22 05:27:20'),
	(133, 15, 'negativespace', '9b470b26c5e7e6604f3f17d2fe518af7.png', 'Beautiful, High-Resolution Free Stock Photos.', 'https://negativespace.co/', '2019-01-22 05:28:11', '2019-01-22 05:28:11'),
	(134, 15, 'gratisography', '37a9bff7f4d756e7b227ef295aa5ff82.png', 'Free high-resolution pictures you can use on your personal and commercial projects, free of copyright restrictions.', 'https://gratisography.com/', '2019-01-22 05:28:53', '2019-01-22 05:28:53'),
	(135, 15, 'imcreator', '568ae371ba49ce83463d5833af6a8e88.png', 'A curated collection of free web design resources, all for commercial use.', 'http://imcreator.com/free', '2019-03-12 02:21:55', '2019-03-12 02:21:55'),
	(136, 15, 'lifeofpix', '94bf5d51c1367552f337610dbc6aa44b.png', 'Free high resolution photography', 'http://www.lifeofpix.com/', '2019-03-12 02:22:49', '2019-03-12 02:22:49'),
	(137, 15, 'skitterphoto', '23663c43cb7025f3bf36e9733bea6171.png', 'Free Stock Photos for Creative Professionals', 'https://skitterphoto.com/', '2019-03-12 02:23:32', '2019-03-12 02:23:32'),
	(138, 15, 'mmtstock', 'd8d5768d2dc63763480478ae25aa176a.png', 'Free photos for commercial use', 'https://mmtstock.com/', '2019-03-12 02:24:19', '2019-03-12 02:24:19'),
	(139, 15, 'magdeleine', '12ca6edef00d1d897eb28c4a8e2f8915.png', 'HAND-PICKED FREE PHOTOS FOR YOUR INSPIRATION', 'https://magdeleine.co/browse/', '2019-03-12 02:25:17', '2019-03-12 02:25:17'),
	(140, 15, 'jeshoots', 'a016e8d2ae3ee88f0ec136440e92fca8.png', 'New Free Photos & Mockups in to your Inbox!', 'http://jeshoots.com/', '2019-03-12 02:25:49', '2019-03-12 02:25:49'),
	(141, 15, 'hdwallpapers', '74db036ddf1bbfc49a22a5a6dcd392ab.png', 'High Definition Wallpapers & Desktop Backgrounds', 'https://www.hdwallpapers.net', '2019-03-12 02:26:19', '2019-03-12 02:26:19'),
	(142, 15, 'publicdomainarchive', '3c7427a4bab6bb40c12a77014f809a2a.png', 'New 100% Free Stock Photos. Every. Single. Week.', 'http://publicdomainarchive.com/', '2019-03-12 02:26:49', '2019-03-12 02:26:49'),
	(143, 16, 'OfficePLUS', '4773ef0cfcf8c9fd158fc7db0bc2cf0b.png', 'OfficePLUS，微软Office官方在线模板网站！', 'http://www.officeplus.cn/Template/Home.shtml', '2019-03-12 02:27:23', '2019-03-12 02:27:23'),
	(144, 16, '优品PPT', 'b1d803179735ea628d1d914c63c0b9f7.png', '高质量的模版，而且还有PPT图表，PPT背景图等资源', 'http://www.ypppt.com/', '2019-03-12 02:27:52', '2019-03-12 02:27:52'),
	(145, 16, 'PPT+', 'bfabed8750869b0214622d158ec9bddf.png', 'PPT加直播、录制和分享—PPT+语音内容分享平台', 'http://www.pptplus.cn/', '2019-03-12 02:28:22', '2019-03-12 02:28:22'),
	(146, 16, 'PPTMind', '857bb0f6927c2a8c246653cb41136ce7.png', '分享高端ppt模板与keynote模板的数字作品交易平台', 'http://www.pptmind.com/', '2019-03-12 02:28:53', '2019-03-12 02:28:53'),
	(147, 16, 'tretars', '14a77db5ab4af0ba947b1e1707295c5d.png', 'The best free Mockups from the Web', 'http://www.tretars.com/ppt-templates', '2019-03-12 02:29:21', '2019-03-12 02:29:21'),
	(148, 16, '5百丁', '3f735ae4b6e18cd6cff3965661289aac.png', '中国领先的PPT模板共享平台', 'http://ppt.500d.me/', '2019-03-12 02:29:51', '2019-03-12 02:29:51'),
	(149, 18, 'photoshop', 'e7117e80fdb340589bc8969900e2af61.png', 'Photoshop不需要解释', 'https://www.adobe.com/cn/products/photoshop.html', '2019-03-12 02:30:54', '2019-03-12 02:30:54'),
	(150, 18, 'Affinity Designer', '290add1cdb3cdb80e6e30af137d48525.png', '专业创意软件', 'https://affinity.serif.com/', '2019-03-12 02:32:06', '2019-03-12 02:32:06'),
	(151, 18, 'Illustrator', '6882fdb094820bae95054ea1c38a3baf.png', '矢量图形和插图。', 'https://www.adobe.com/cn/products/illustrator/', '2019-03-12 02:32:51', '2019-03-12 02:32:51'),
	(152, 18, 'indesign', '4db54894b6751e253212a690dada0df8.png', '页面设计、布局和出版。', 'http://www.adobe.com/cn/products/indesign.html', '2019-03-12 02:33:19', '2019-03-12 02:33:19'),
	(153, 18, 'cinema-4d', 'ac0344f03fc1e59b4144fef92a12e211.png', 'Cinema 4D is the perfect package for all 3D artists who want to achieve breathtaking results fast and hassle-free.', 'https://www.maxon.net/en/products/cinema-4d/overview/', '2019-03-12 02:34:04', '2019-03-12 02:34:04'),
	(154, 18, '3ds-max', '3aacac5d23583cdc250a970a0e30a9aa.png', '3D modeling, animation, and rendering software', 'https://www.autodesk.com/products/3ds-max/overview', '2019-03-12 02:34:39', '2019-03-12 02:34:39'),
	(155, 18, 'Blender', '5d61addac4350caee364f0a3e850a3f7.png', 'Blender is the free and open source 3D creation suite.', 'https://www.blender.org/', '2019-03-12 02:35:09', '2019-03-12 02:35:09'),
	(156, 19, 'Sketch', '75cc5b5775361d5f0b471b706a115403.png', 'The digital design toolkit', 'https://sketchapp.com/', '2019-03-12 02:35:55', '2019-03-12 02:35:55'),
	(157, 19, 'Adobe XD', '9eda46042e2ad058951fa4e4bb3a9957.png', 'Introducing Adobe XD. Design. Prototype. Experience.', 'http://www.adobe.com/products/xd.html', '2019-03-12 02:36:39', '2019-03-12 02:36:39'),
	(158, 19, 'invisionapp', '7d5620f1b4fd85c4a7ea4733deed8823.png', 'Powerful design prototyping tools', 'https://www.invisionapp.com/', '2019-03-12 02:37:36', '2019-03-12 02:37:36'),
	(159, 19, 'marvelapp', '28ec81158c67d9783afccf8fcd1bbee6.png', 'Simple design, prototyping and collaboration', 'https://marvelapp.com/', '2019-03-12 02:38:14', '2019-03-12 02:38:14'),
	(160, 19, 'Muse CC', '612cf530fe80b5f28dc826c4384087bf.png', '无需利用编码即可进行网站设计。', 'https://creative.adobe.com/zh-cn/products/download/muse', '2019-03-12 02:38:53', '2019-03-12 02:38:53'),
	(161, 19, 'figma', '0623aab0bc72437206deca9d4c55df1c.png', 'Design, prototype, and gather feedback all in one place with Figma.', 'https://www.figma.com/', '2019-03-12 02:39:20', '2019-03-12 02:39:20'),
	(162, 20, 'Adobe After Effects CC', '01306292e590f37b934785ed67288f80.png', '电影般的视觉效果和动态图形。', 'https://www.adobe.com/cn/products/aftereffects/', '2019-03-12 02:40:17', '2019-03-12 02:40:17'),
	(163, 20, 'principle', '485a410f2076ad20856199caa300f548.png', 'Animate Your Ideas, Design Better Apps', 'http://principleformac.com/', '2019-03-12 02:40:48', '2019-03-12 02:40:48'),
	(164, 20, 'flinto', 'f655d57c7d752c429510e0f649d69666.png', 'Flinto is a Mac app used by top designers around the world to create interactive and animated prototypes of their app designs.', 'https://www.flinto.com/', '2019-03-12 02:41:26', '2019-03-12 02:41:26'),
	(165, 20, 'framer', 'e64c3cd0283a3bf6a75c9c4ba821049d.png', 'Design everything from detailed icons to high-fidelity interactions—all in one place.', 'https://framer.com/', '2019-03-12 02:42:05', '2019-03-12 02:42:05'),
	(166, 20, 'ProtoPie', 'bdbb0e0485d816b88c75c9276d273873.png', '高保真交互原型设计', 'http://www.protopie.cn/', '2019-03-12 02:42:41', '2019-03-12 02:42:41'),
	(167, 21, 'khroma', '8b158c18b49f0160100086bfcdbe158d.png', 'Khroma is the fastest way to discover, search, and save color combos you\'ll want to use.', 'http://khroma.co/generator/', '2019-03-12 02:45:06', '2019-03-12 02:45:06'),
	(168, 21, 'uigradients', '9842ff5c221d6411444d3c13660ba097.png', 'Beautiful colored gradients', 'https://uigradients.com', '2019-03-12 02:45:49', '2019-03-12 02:45:49'),
	(169, 21, 'gradients', '64d0ac5dc78b65d83ba500df5b1eab30.png', 'Curated gradients for designers and developers', 'http://gradients.io/', '2019-03-12 02:46:19', '2019-03-12 02:46:19'),
	(170, 21, 'Coolest', '9b77eaad5ef27823b9feb3f765b9d593.png', 'Coolest handpicked Gradient Hues for your next super ⚡ amazing stuff', 'https://webkul.github.io/coolhue/', '2019-03-12 02:46:47', '2019-03-12 02:46:47'),
	(171, 21, 'webgradients', '49bfc25c217107d7209eea098ad0307c.png', 'WebGradients is a free collection of 180 linear gradients that you can use as content backdrops in any part of your website.', 'https://webgradients.com/', '2019-03-12 02:47:17', '2019-03-12 02:47:17'),
	(172, 21, 'grabient', '8ab1a1044ef9bc5c306c60b81d83b0a2.png', '2017 Grabient by unfold', 'https://www.grabient.com/', '2019-03-12 02:48:04', '2019-03-12 02:48:04'),
	(173, 21, 'thedayscolor', '6e63366cb896fa19e204cf6b95691062.png', 'The daily color digest', 'http://www.thedayscolor.com/', '2019-03-12 02:48:34', '2019-03-12 02:48:34'),
	(174, 21, 'flatuicolors', '0b6e14ae22ff962a96ad66de4fc86aff.png', 'Copy Paste Color Pallette from Flat UI Theme', 'http://flatuicolors.com/', '2019-03-12 02:49:25', '2019-03-12 02:49:25'),
	(175, 21, 'coolors', '9176968478c5c42ed20bce8b69f25bf6.png', 'The super fast color schemes generator!', 'https://coolors.co/', '2019-03-12 02:50:11', '2019-03-12 02:50:11'),
	(176, 0, 'colorhunt', '37cf035215ac7e51cc0064c207f298e1.png', 'Beautiful Color Palettes', 'http://www.colorhunt.co/', '2019-03-12 02:50:35', '2019-03-12 02:50:35'),
	(177, 21, 'Adobe Color CC', 'ff4d69bedb642bd132297ed22018369b.png', 'Create color schemes with the color wheel or browse thousands of color combinations from the Color community.', 'https://color.adobe.com/zh/create/color-wheel', '2019-03-12 02:51:03', '2019-03-12 02:51:03'),
	(178, 21, 'flatuicolorpicker', '2faf82318597d846e9522c5f52500031.png', 'Best Flat Colors For UI Design', 'http://www.flatuicolorpicker.com/', '2019-03-12 02:51:35', '2019-03-12 02:51:35'),
	(179, 21, 'trianglify', '88261a86b35e5b015bbe35ab9141bc8f.png', 'Trianglify Generator', 'http://qrohlf.com/trianglify-generator/', '2019-03-12 02:52:12', '2019-03-12 02:52:12'),
	(180, 21, 'klart', 'c51065aaec56c7c65aafd40f4797dba0.png', 'Beautiful colors and designs to your inbox every week', 'https://klart.co/colors/', '2019-03-12 02:52:40', '2019-03-12 02:52:40'),
	(181, 21, 'vanschneider', '4690e9281c23d5fc9df0e2cfbe018edd.png', 'Color Claim was created in 2012 by Tobias van Schneider with the goal to collect & combine unique colors for my future projects.', 'http://www.vanschneider.com/colors', '2019-03-12 02:53:23', '2019-03-12 02:53:23'),
	(182, 22, 'tinypng', '9344c4d9769745c1e63d8f1e7b2f3f25.png', 'Optimize your images with a perfect balance in quality and file size.', 'https://tinypng.com/', '2019-03-12 02:54:39', '2019-03-12 02:54:39'),
	(183, 0, 'goqr', 'c3abf8084a1699d9a2618e76a90d3935.png', 'create QR codes for free (Logo, T-Shirt, vCard, EPS)', 'http://goqr.me/', '2019-03-12 02:55:04', '2019-03-12 02:55:04'),
	(184, 22, 'Android 9 patch', 'dc5b75e3455673384a8f738429789d4b.png', 'Android 9-patch shadow generator fully customizable shadows', 'http://inloop.github.io/shadow4android/', '2019-03-12 02:55:38', '2019-03-12 02:55:38'),
	(185, 22, 'screen sizes', 'd79583290bc400c0e8a2629d0e7f9f63.png', 'Viewport Sizes and Pixel Densities for Popular Devices', 'http://screensiz.es/', '2019-03-12 02:56:06', '2019-03-12 02:56:06'),
	(186, 22, 'svgomg', 'f573dc81e4689cb9ce482f35a6fb82f1.png', 'SVG在线压缩平台', 'https://jakearchibald.github.io/svgomg/', '2019-03-12 02:56:37', '2019-03-12 02:56:37'),
	(187, 22, '稿定抠图', '0a6b1b1ea1d5ca5cb49e8cf95470a3b5.png', '免费在线抠图软件,图片快速换背景-抠白底图', 'https://www.gaoding.com', '2019-03-12 02:56:59', '2019-03-12 02:56:59'),
	(188, 23, 'wappalyzer', '60696fcbba523de88eca68121dee7be7.png', 'Identify technology on websites', 'https://www.wappalyzer.com/', '2019-03-12 02:58:27', '2019-03-12 02:58:27'),
	(189, 23, 'Panda', '35e1bbf29c1116cb1dbb703b52ea2ae9.png', 'A smart news reader built for productivity.', 'http://usepanda.com/', '2019-03-12 02:58:50', '2019-03-12 02:58:50'),
	(190, 23, 'sizzy', '5ca0b65bcc3606640ba1b4aadd25c7df.png', 'A tool for developing responsive websites crazy-fast', 'https://sizzy.co/', '2019-03-12 02:59:17', '2019-03-12 02:59:17'),
	(191, 23, 'csspeeper', '84fedbd61bf8c93726b713bae36a88ae.png', 'Smart CSS viewer tailored for Designers.', 'https://csspeeper.com/', '2019-03-12 02:59:48', '2019-03-12 02:59:48'),
	(192, 23, 'insight', 'fc5a318293079a2674f1d92f3dce7650.png', 'IDE-like code search and navigation, on the cloud', 'http://insight.io/', '2019-03-12 03:00:22', '2019-03-12 03:00:22'),
	(193, 23, 'mustsee', '709ff744a41559fa06b8e8dc199206a3.png', 'Discover the world\'s most beautiful places at every opened tab.', 'http://mustsee.earth/', '2019-03-12 03:00:50', '2019-03-12 03:00:50'),
	(194, 25, 'Design Guidelines', 'cd3c32252bb659437d63d59ca6fec8fb.png', 'Design Guidelines — The way products are built.', 'http://designguidelines.co/', '2019-03-12 03:01:29', '2019-03-12 03:01:29'),
	(195, 25, 'Awesome design systems', '3adfef3862ba2083e737bbb0c9b734c1.png', 'A collection of awesome design systems', 'https://github.com/alexpate/awesome-design-systems', '2019-03-12 03:01:55', '2019-03-12 03:01:55'),
	(196, 25, 'Material Design', '34061dd29655cfb0781381568b26b1d6.png', 'Introduction - Material Design', 'https://material.io/guidelines/', '2019-03-12 03:02:28', '2019-03-12 03:02:28'),
	(197, 25, 'Human Interface Guidelines', '4fa8f4924f62370774915faf0fbc476d.png', 'Human Interface Guidelines iOS', 'https://developer.apple.com/ios/human-interface-guidelines', '2019-03-12 03:02:57', '2019-03-12 03:02:57'),
	(198, 25, 'Photoshop Etiquette', '9d6924419746baef1dcc5c203a321e6d.png', 'PS礼仪-WEB设计指南', 'http://viggoz.com/photoshopetiquette/', '2019-03-12 03:03:33', '2019-03-12 03:03:33'),
	(199, 26, 'Photoshop Lady', '975585f8d4d7efa6646b50dbc860cf5a.png', 'Your Favourite Photoshop Tutorials in One Place', 'http://www.photoshoplady.com/', '2019-03-12 03:04:09', '2019-03-12 03:04:09'),
	(200, 26, 'doyoudo', 'd810229b8e5bc36d3ac498fe4ee5ebee.png', '创意设计软件学习平台', 'http://doyoudo.com/', '2019-03-12 03:04:38', '2019-03-12 03:04:38'),
	(201, 26, '没位道', '1bb8a33edda0aaf2871ba17e6b265cf9.png', 'WEB UI免费视频公开课', 'http://www.c945.com/web-ui-tutorial/', '2019-03-12 03:05:04', '2019-03-12 03:05:04'),
	(202, 26, '慕课网', '806fbd13251a921287ec2a3e815eafc8.png', '程序员的梦工厂（有UI课程）', 'https://www.imooc.com/', '2019-03-12 03:05:29', '2019-03-12 03:05:29'),
	(203, 27, '优设网', '03508090a91cb0380760bb568054f31b.png', '设计师交流学习平台', 'http://www.uisdc.com/', '2019-03-12 03:06:02', '2019-03-12 03:06:02'),
	(204, 27, 'Web Design Ledger', '29345c700e66d707075758c51421b718.png', 'Web Design Blog', 'https://webdesignledger.com', '2019-03-12 03:06:28', '2019-03-12 03:06:28'),
	(205, 27, 'Medium', 'f9d1866ec8568b6a7744936842d773ac.png', 'Read, write and share stories that matter', 'https://medium.com/', '2019-03-12 03:06:57', '2019-03-12 03:06:57'),
	(206, 28, 'UX Coffee', 'c9aae7e06ebabe9549d78c8b0cd0757d.png', '《UX Coffee 设计咖》是一档关于用户体验的播客节目。我们邀请来自硅谷和国内的学者和职人来聊聊「产品设计」、「用户体验」和「个人成长」。', 'http://uxcoffee.co/', '2019-03-12 03:08:40', '2019-03-12 03:08:40'),
	(207, 28, 'Anyway.FM', '7fe5dade254de0528e78ce32736ff9f4.png', '设计杂谈 • UI 设计师 JJ 和 Leon 主播的设计播客', 'https://anyway.fm/', '2019-03-12 03:09:19', '2019-03-12 03:09:19'),
	(208, 28, '异能电台', 'c8e819279d4110794e2588dfb1a4bd64.png', '将全宇宙设计师的故事讲给你听。', 'https://www.yineng.fm', '2019-03-12 03:09:52', '2019-03-12 03:09:52'),
	(237, 35, '小毛驴在线音乐', 'a9a5f02e-f2a8-4b48-8d26-9e1979bb4abf.jpg', '在线播放音乐，集成各大主流音乐播放器资源！', 'http://music.zywhs.club/', '2019-12-18 11:58:22', '2019-12-18 11:59:49'),
	(238, 35, '小毛驴在线视频', 'cee4aab9-d7ba-4247-a266-be1e34e469e8.jpg', '在线视频，直播播放，集成各大主流视频播放器资源！（庆余年有全集！速度简直太快啦）', 'http://video.zywhs.club/', '2019-12-18 12:01:29', '2019-12-21 17:32:53'),
	(240, 36, 'Bing', '5aae5f1d-d75c-4212-b836-32987efa3342.png', '微软Bing搜索是国际领先的搜索引擎,为中国用户提供网页、图片、视频、学术、词典、翻译、地图等全球信息搜索服务。', 'https://www.bing.com', '2019-12-19 10:15:52', '2019-12-19 10:17:36'),
	(241, 36, 'DuckDuckGo', '5539a36f-9137-424f-9172-5e25b44a82d2.png', 'DuckDuckGo是一个互联网搜寻引擎，其总部位于美国宾州Valley Forge市。', 'http://www.duckduckgoog.com/', '2019-12-19 10:19:27', NULL),
	(242, 36, 'Wikipedia', '86e59930-4a93-4d1c-9aa1-ef5214c87df2.png', '维基百科（Wikipedia），是一个基于维基技术的多语言百科全书协作计划，用多种语言编写的网络百科全书。', 'https://en.wikipedia.org/wiki/Main_Page', '2019-12-19 10:20:54', '2019-12-19 10:22:24'),
	(243, 2, 'Twitter', '6684fa33-715b-4483-8f63-c24e81b614e7.png', 'Twitter（通称推特）是一家美国社交网络及微博客服务的网站，是全球互联网上访问量最大的十个网站之一。', 'https://twitter.com/', '2019-12-19 10:24:06', '2019-12-19 10:25:56'),
	(244, 2, 'Facebook', '7fc582ed-6cd0-40fe-87fa-133621d0840b.png', 'Facebook（中文译为脸书或者脸谱网）是美国的一个社交网络服务网站 ，创立于2004年2月4日，总部位于美国加利福尼亚州门洛帕克。  ', 'https://www.facebook.com', '2019-12-19 10:43:52', '2019-12-19 11:04:14'),
	(245, 37, 'Steam', '9b2acfe6-1823-450f-b296-3b86dd90b783.png', '蒸汽，蒸汽，欧里给！', 'https://store.steampowered.com/', '2019-12-19 10:46:58', '2019-12-19 11:03:24'),
	(246, 2, 'Reddit', 'c05d87f0-c35e-4245-809e-10f6d2a7c79b.png', 'Reddit是个社交新闻站点，口号：提前于新闻发声，来自互联网的声音。其拥有者是Condé Nast Digital公司（Advance Magazine Publishers Inc的子公司）。', 'https://www.reddit.com/', '2019-12-19 10:49:04', '2019-12-19 11:04:55'),
	(247, 2, 'Tumblr', 'f4774642-c31b-4e00-8420-d1e612bfc7cb.png', 'Tumblr（/ˈtʌmblər/，中文名：汤博乐）成立于2007年，是目前全球最大的轻博客网站，也是轻博客网站的始祖。', 'https://www.tumblr.com/', '2019-12-19 10:50:54', '2019-12-19 11:05:15'),
	(248, 2, 'Instagram', '90e48e52-8ef0-4878-ba56-ed483db7acf4.png', 'Instagram（照片墙）是一款运行在移动端上的社交应用，以一种快速、美妙和有趣的方式将你随时抓拍下的图片彼此分享。', 'https://www.instagram.com/', '2019-12-19 10:51:51', '2019-12-19 11:03:59'),
	(249, 1, '中国知网', 'b3843f8b-0570-4597-85a7-90ee1d16cd1b.png', '中国知网知识发现网络平台—面向海内外读者提供中国学术文献、外文文献、学位论文、报纸、会议、年鉴、工具书等各类资源统一检索、统一导航、在线阅读和下载服务。', 'https://www.cnki.net/', '2019-12-19 11:02:02', NULL),
	(250, 38, '掘金', '8f496727-f9ad-4836-bcf8-bad7b6a8eb24.png', '掘金是一个帮助开发者成长的社区,是给开发者用的 Hacker News,给设计师用的 Designer News,和给产品经理用的 Medium。', 'https://juejin.im/', '2019-12-19 11:16:44', NULL),
	(251, 38, 'CSDN', '1543976f-ae00-40a7-ba31-abc38bdbe16f.png', 'CSDN是全球知名中文IT技术交流平台,创建于1999年,包含原创博客、精品问答、职业培训、技术论坛、资源下载等产品服务,提供原创、优质、完整内容的专业IT技术开发社区', 'https://www.csdn.net/', '2019-12-19 11:17:51', NULL),
	(252, 38, '博客园', 'abd15ba0-c80a-4862-a240-10780447b3dd.png', '博客园是一个面向开发者的知识分享社区。自创建以来,博客园一直致力并专注于为开发者打造一个纯净的技术交流社区,推动并帮助开发者通过互联网分享知识', 'https://www.cnblogs.com/', '2019-12-19 11:22:28', NULL),
	(253, 1, '蚂蚁加速器', 'ecaf50d6-da10-40b0-97d1-052f9d7696db.png', '很好用的免费加速器', 'https://d.antss049.xyz/aff/7Nc5', '2019-12-19 14:32:19', NULL),
	(255, 1, '小青豆影视', '5ec99a87-8e59-4c9d-9f9c-cd29effd06d3.png', '电影在线播放,电影在线观看,小青豆影视（庆余年全集！）', 'http://www.bbc334.com/index.php/user/visit.html?uid=2', '2019-12-19 16:39:22', '2019-12-20 10:00:11'),
	(257, 38, 'GitHub', 'd8cd44df-2c92-4c7e-9ad9-8b90bc2cd452.png', 'GitHub是一个面向开源及私有软件项目的托管平台，因为只支持git 作为唯一的版本库格式进行托管，故名GitHub。', 'https://github.com/', '2019-12-19 21:21:27', NULL),
	(258, 39, '友盟', 'fe9e1aed-9fe2-4b5c-abca-864b4f133291.png', '友盟+,国内领先的第三方全域数据智能服务商。专注为互联网企业提供一站式数据分析运营服务近10年。', 'https://www.umeng.com/', '2019-12-19 21:55:09', NULL),
	(259, 39, '百度统计', '26126464-6a00-4651-9b36-f93a3cf12996.png', '百度移动统计是一款专业免费的移动应用统计分析工具,支持android,ios平台。', 'https://tongji.baidu.com/web/welcome/basic', '2019-12-19 21:57:19', '2019-12-19 23:21:10'),
	(261, 35, '站长的个人博客', 'd5cb0f9e-e4b6-45ec-bbdb-ad8b18596c4c.png', '这是站长的个人博客。来玩哦', 'http://blogs.zywhs.club/', '2019-12-20 15:51:09', NULL),
	(262, 38, '码云', 'dd05d146-f536-4da8-9d98-b9e5b2e6c626.png', '码云& #40;gitee.com& #41;是 OSCHINA.NET 推出的代码托管平台,支持 Git 和 SVN,提供免费的私有仓库托管。', 'https://gitee.com/', '2019-12-20 17:06:05', '2019-12-20 17:09:45'),
	(263, 1, 'windows系统', '3c5aa6eb-e952-401d-b4be-f3e956203f9b.jpg', '正版win10下载地址', 'https://www.microsoft.com/zh-cn/software-download/windows10', '2019-12-20 18:08:29', NULL),
	(264, 40, 'QQ邮箱', '60da1720-8a75-471f-862d-d903a4fa9c43.jpg', 'QQ邮箱登录入口', 'https://mail.qq.com/', '2019-12-20 19:38:56', NULL),
	(265, 40, '网易邮箱', '246a83d5-eb77-4837-a944-7899cb327a28.jpg', '网易邮箱163登录入口', 'https://mail.163.com/', '2019-12-20 19:40:55', '2019-12-20 19:53:07'),
	(266, 40, '网易邮箱', '012c0357-3ce8-4912-b766-053c12ecc008.jpg', '网易邮箱126登录入口', 'https://mail.126.com/', '2019-12-20 19:51:31', NULL),
	(267, 40, '中国移动139邮箱', 'b58b2846-7370-4053-9c85-260d1daadae9.jpg', '中国移动139邮箱登录入口', 'http://html5.mail.10086.cn/pad/pad_login.html', '2019-12-20 19:55:52', NULL),
	(268, 40, 'outlook邮箱', 'e746060e-6ee0-4c49-9496-a82d737e65e5.png', 'outlook邮箱登录及注册入口', 'https://outlook.live.com/owa/', '2019-12-20 19:59:57', NULL),
	(269, 36, '磁力搜索', '416e2dcb-81f8-4fd0-bcaf-b6131d68727e.png', '磁力搜索', 'http://cilisou8.com/', '2019-12-22 14:01:00', NULL);
/*!40000 ALTER TABLE `site` ENABLE KEYS */;


-- 导出  表 webstack.sys_dept 结构
CREATE TABLE IF NOT EXISTS `sys_dept` (
  `id` int(11) NOT NULL AUTO_INCREMENT COMMENT '主键id',
  `num` int(11) DEFAULT NULL COMMENT '排序',
  `pid` int(11) DEFAULT NULL COMMENT '父部门id',
  `pids` varchar(255) DEFAULT NULL COMMENT '父级ids',
  `simplename` varchar(45) DEFAULT NULL COMMENT '简称',
  `fullname` varchar(255) DEFAULT NULL COMMENT '全称',
  `tips` varchar(255) DEFAULT NULL COMMENT '提示',
  `version` int(11) DEFAULT NULL COMMENT '版本（乐观锁保留字段）',
  PRIMARY KEY (`id`) USING BTREE
) ENGINE=InnoDB AUTO_INCREMENT=30 DEFAULT CHARSET=utf8 ROW_FORMAT=DYNAMIC COMMENT='部门表';

-- 正在导出表  webstack.sys_dept 的数据：~6 rows (大约)
/*!40000 ALTER TABLE `sys_dept` DISABLE KEYS */;
REPLACE INTO `sys_dept` (`id`, `num`, `pid`, `pids`, `simplename`, `fullname`, `tips`, `version`) VALUES
	(24, 1, 0, '[0],', '总公司', '总公司', '', NULL),
	(25, 2, 29, '[0],[24],[28],[29],', '开发部', '开发部', '', NULL),
	(26, 3, 25, '[0],[24],[28],[29],[25],', '运营部', '运营部', '', NULL),
	(27, 4, 24, '[0],[24],', '战略部', '战略部', '', NULL),
	(28, NULL, 24, '[0],[24],', '111', '111', '', NULL),
	(29, NULL, 28, '[0],[24],[28],', '222', '222', '222', NULL);
/*!40000 ALTER TABLE `sys_dept` ENABLE KEYS */;


-- 导出  表 webstack.sys_dict 结构
CREATE TABLE IF NOT EXISTS `sys_dict` (
  `id` int(11) unsigned NOT NULL AUTO_INCREMENT COMMENT '主键id',
  `num` int(11) DEFAULT NULL COMMENT '排序',
  `pid` int(11) DEFAULT NULL COMMENT '父级字典',
  `name` varchar(255) DEFAULT NULL COMMENT '名称',
  `tips` varchar(255) DEFAULT NULL COMMENT '提示',
  `code` varchar(255) DEFAULT NULL COMMENT '值',
  PRIMARY KEY (`id`) USING BTREE
) ENGINE=InnoDB AUTO_INCREMENT=60 DEFAULT CHARSET=utf8 ROW_FORMAT=DYNAMIC COMMENT='字典表';

-- 正在导出表  webstack.sys_dict 的数据：~10 rows (大约)
/*!40000 ALTER TABLE `sys_dict` DISABLE KEYS */;
REPLACE INTO `sys_dict` (`id`, `num`, `pid`, `name`, `tips`, `code`) VALUES
	(50, 0, 0, '性别', NULL, 'sys_sex'),
	(51, 1, 50, '男', NULL, '1'),
	(52, 2, 50, '女', NULL, '2'),
	(53, 0, 0, '状态', NULL, 'sys_state'),
	(54, 1, 53, '启用', NULL, '1'),
	(55, 2, 53, '禁用', NULL, '2'),
	(56, 0, 0, '账号状态', NULL, 'account_state'),
	(57, 1, 56, '启用', NULL, '1'),
	(58, 2, 56, '冻结', NULL, '2'),
	(59, 3, 56, '已删除', NULL, '3');
/*!40000 ALTER TABLE `sys_dict` ENABLE KEYS */;


-- 导出  表 webstack.sys_expense 结构
CREATE TABLE IF NOT EXISTS `sys_expense` (
  `id` int(11) NOT NULL AUTO_INCREMENT,
  `money` decimal(20,2) DEFAULT NULL COMMENT '报销金额',
  `desc` varchar(255) DEFAULT '' COMMENT '描述',
  `createtime` datetime DEFAULT NULL COMMENT '创建时间',
  `state` int(11) DEFAULT NULL COMMENT '状态: 1.待提交  2:待审核   3.审核通过 4:驳回',
  `userid` int(11) DEFAULT NULL COMMENT '用户id',
  `processId` varchar(255) DEFAULT NULL COMMENT '流程定义id',
  PRIMARY KEY (`id`) USING BTREE
) ENGINE=InnoDB DEFAULT CHARSET=utf8 ROW_FORMAT=DYNAMIC COMMENT='报销表';

-- 正在导出表  webstack.sys_expense 的数据：~0 rows (大约)
/*!40000 ALTER TABLE `sys_expense` DISABLE KEYS */;
/*!40000 ALTER TABLE `sys_expense` ENABLE KEYS */;


-- 导出  表 webstack.sys_login_log 结构
CREATE TABLE IF NOT EXISTS `sys_login_log` (
  `id` int(65) NOT NULL AUTO_INCREMENT COMMENT '主键',
  `logname` varchar(255) DEFAULT NULL COMMENT '日志名称',
  `userid` int(65) DEFAULT NULL COMMENT '管理员id',
  `createtime` datetime DEFAULT NULL COMMENT '创建时间',
  `succeed` varchar(255) DEFAULT NULL COMMENT '是否执行成功',
  `message` text COMMENT '具体消息',
  `ip` varchar(255) DEFAULT NULL COMMENT '登录ip',
  PRIMARY KEY (`id`) USING BTREE
) ENGINE=InnoDB AUTO_INCREMENT=394 DEFAULT CHARSET=utf8 ROW_FORMAT=DYNAMIC COMMENT='登录记录';

-- 正在导出表  webstack.sys_login_log 的数据：~48 rows (大约)
/*!40000 ALTER TABLE `sys_login_log` DISABLE KEYS */;
REPLACE INTO `sys_login_log` (`id`, `logname`, `userid`, `createtime`, `succeed`, `message`, `ip`) VALUES
	(394, '登录日志', 1, '2019-12-22 18:05:03', '成功', NULL, '127.0.0.1'),
	(395, '退出日志', 1, '2019-12-22 18:05:07', '成功', NULL, '127.0.0.1');
/*!40000 ALTER TABLE `sys_login_log` ENABLE KEYS */;


-- 导出  表 webstack.sys_menu 结构
CREATE TABLE IF NOT EXISTS `sys_menu` (
  `id` bigint(20) NOT NULL AUTO_INCREMENT COMMENT '主键id',
  `code` varchar(255) DEFAULT NULL COMMENT '菜单编号',
  `pcode` varchar(255) DEFAULT NULL COMMENT '菜单父编号',
  `pcodes` varchar(255) DEFAULT NULL COMMENT '当前菜单的所有父菜单编号',
  `name` varchar(255) DEFAULT NULL COMMENT '菜单名称',
  `icon` varchar(255) DEFAULT NULL COMMENT '菜单图标',
  `url` varchar(255) DEFAULT NULL COMMENT 'url地址',
  `num` int(65) DEFAULT NULL COMMENT '菜单排序号',
  `levels` int(65) DEFAULT NULL COMMENT '菜单层级',
  `ismenu` int(11) DEFAULT NULL COMMENT '是否是菜单（1：是  0：不是）',
  `tips` varchar(255) DEFAULT NULL COMMENT '备注',
  `status` int(65) DEFAULT NULL COMMENT '菜单状态 :  1:启用   0:不启用',
  `isopen` int(11) DEFAULT NULL COMMENT '是否打开:    1:打开   0:不打开',
  PRIMARY KEY (`id`) USING BTREE
) ENGINE=InnoDB AUTO_INCREMENT=174 DEFAULT CHARSET=utf8 ROW_FORMAT=DYNAMIC COMMENT='菜单表';

-- 正在导出表  webstack.sys_menu 的数据：~57 rows (大约)
/*!40000 ALTER TABLE `sys_menu` DISABLE KEYS */;
REPLACE INTO `sys_menu` (`id`, `code`, `pcode`, `pcodes`, `name`, `icon`, `url`, `num`, `levels`, `ismenu`, `tips`, `status`, `isopen`) VALUES
	(105, 'system', '0', '[0],', '系统管理', 'fa-user', '#', 8, 1, 1, NULL, 1, 1),
	(106, 'mgr', 'system', '[0],[system],', '用户管理', '', '/mgr', 1, 2, 1, NULL, 1, 0),
	(107, 'mgr_add', 'mgr', '[0],[system],[mgr],', '添加用户', NULL, '/mgr/add', 1, 3, 0, NULL, 1, 0),
	(108, 'mgr_edit', 'mgr', '[0],[system],[mgr],', '修改用户', NULL, '/mgr/edit', 2, 3, 0, NULL, 1, 0),
	(109, 'mgr_delete', 'mgr', '[0],[system],[mgr],', '删除用户', NULL, '/mgr/delete', 3, 3, 0, NULL, 1, 0),
	(110, 'mgr_reset', 'mgr', '[0],[system],[mgr],', '重置密码', NULL, '/mgr/reset', 4, 3, 0, NULL, 1, 0),
	(111, 'mgr_freeze', 'mgr', '[0],[system],[mgr],', '冻结用户', NULL, '/mgr/freeze', 5, 3, 0, NULL, 1, 0),
	(112, 'mgr_unfreeze', 'mgr', '[0],[system],[mgr],', '解除冻结用户', NULL, '/mgr/unfreeze', 6, 3, 0, NULL, 1, 0),
	(113, 'mgr_setRole', 'mgr', '[0],[system],[mgr],', '分配角色', NULL, '/mgr/setRole', 7, 3, 0, NULL, 1, 0),
	(114, 'role', 'system', '[0],[system],', '角色管理', NULL, '/role', 2, 2, 1, NULL, 1, 0),
	(115, 'role_add', 'role', '[0],[system],[role],', '添加角色', NULL, '/role/add', 1, 3, 0, NULL, 1, 0),
	(116, 'role_edit', 'role', '[0],[system],[role],', '修改角色', NULL, '/role/edit', 2, 3, 0, NULL, 1, 0),
	(117, 'role_remove', 'role', '[0],[system],[role],', '删除角色', NULL, '/role/remove', 3, 3, 0, NULL, 1, 0),
	(118, 'role_setAuthority', 'role', '[0],[system],[role],', '配置权限', NULL, '/role/setAuthority', 4, 3, 0, NULL, 1, 0),
	(119, 'menu', 'system', '[0],[system],', '菜单管理', NULL, '/menu', 4, 2, 1, NULL, 1, 0),
	(120, 'menu_add', 'menu', '[0],[system],[menu],', '添加菜单', NULL, '/menu/add', 1, 3, 0, NULL, 1, 0),
	(121, 'menu_edit', 'menu', '[0],[system],[menu],', '修改菜单', NULL, '/menu/edit', 2, 3, 0, NULL, 1, 0),
	(122, 'menu_remove', 'menu', '[0],[system],[menu],', '删除菜单', NULL, '/menu/remove', 3, 3, 0, NULL, 1, 0),
	(128, 'log', 'system', '[0],[system],', '业务日志', NULL, '/log', 6, 2, 1, NULL, 1, 0),
	(130, 'druid', 'system', '[0],[system],', '监控管理', NULL, '/druid', 7, 2, 1, NULL, 1, NULL),
	(131, 'dept', 'system', '[0],[system],', '部门管理', NULL, '/dept', 3, 2, 1, NULL, 1, NULL),
	(132, 'dict', 'system', '[0],[system],', '字典管理', NULL, '/dict', 4, 2, 1, NULL, 1, NULL),
	(133, 'loginLog', 'system', '[0],[system],', '登录日志', NULL, '/loginLog', 6, 2, 1, NULL, 1, NULL),
	(134, 'log_clean', 'log', '[0],[system],[log],', '清空日志', NULL, '/log/delLog', 3, 3, 0, NULL, 1, NULL),
	(135, 'dept_add', 'dept', '[0],[system],[dept],', '添加部门', NULL, '/dept/add', 1, 3, 0, NULL, 1, NULL),
	(136, 'dept_update', 'dept', '[0],[system],[dept],', '修改部门', NULL, '/dept/update', 1, 3, 0, NULL, 1, NULL),
	(137, 'dept_delete', 'dept', '[0],[system],[dept],', '删除部门', NULL, '/dept/delete', 1, 3, 0, NULL, 1, NULL),
	(138, 'dict_add', 'dict', '[0],[system],[dict],', '添加字典', NULL, '/dict/add', 1, 3, 0, NULL, 1, NULL),
	(139, 'dict_update', 'dict', '[0],[system],[dict],', '修改字典', NULL, '/dict/update', 1, 3, 0, NULL, 1, NULL),
	(140, 'dict_delete', 'dict', '[0],[system],[dict],', '删除字典', NULL, '/dict/delete', 1, 3, 0, NULL, 1, NULL),
	(141, 'notice', 'system', '[0],[system],', '通知管理', NULL, '/notice', 9, 2, 1, NULL, 1, NULL),
	(142, 'notice_add', 'notice', '[0],[system],[notice],', '添加通知', NULL, '/notice/add', 1, 3, 0, NULL, 1, NULL),
	(143, 'notice_update', 'notice', '[0],[system],[notice],', '修改通知', NULL, '/notice/update', 2, 3, 0, NULL, 1, NULL),
	(144, 'notice_delete', 'notice', '[0],[system],[notice],', '删除通知', NULL, '/notice/delete', 3, 3, 0, NULL, 1, NULL),
	(145, 'hello', '0', '[0],', '通知', 'fa-rocket', '/notice/hello', 3, 1, 1, NULL, 1, NULL),
	(148, 'code', '0', '[0],', '代码生成', 'fa-code', '/code', 7, 1, 1, NULL, 1, NULL),
	(149, 'api_mgr', '0', '[0],', '接口文档', 'fa-leaf', '/swagger-ui.html', 6, 1, 0, NULL, 1, NULL),
	(150, 'to_menu_edit', 'menu', '[0],[system],[menu],', '菜单编辑跳转', '', '/menu/menu_edit', 4, 3, 0, NULL, 1, NULL),
	(151, 'menu_list', 'menu', '[0],[system],[menu],', '菜单列表', '', '/menu/list', 5, 3, 0, NULL, 1, NULL),
	(152, 'to_dept_update', 'dept', '[0],[system],[dept],', '修改部门跳转', '', '/dept/dept_update', 4, 3, 0, NULL, 1, NULL),
	(153, 'dept_list', 'dept', '[0],[system],[dept],', '部门列表', '', '/dept/list', 5, 3, 0, NULL, 1, NULL),
	(154, 'dept_detail', 'dept', '[0],[system],[dept],', '部门详情', '', '/dept/detail', 6, 3, 0, NULL, 1, NULL),
	(155, 'to_dict_edit', 'dict', '[0],[system],[dict],', '修改菜单跳转', '', '/dict/dict_edit', 4, 3, 0, NULL, 1, NULL),
	(156, 'dict_list', 'dict', '[0],[system],[dict],', '字典列表', '', '/dict/list', 5, 3, 0, NULL, 1, NULL),
	(157, 'dict_detail', 'dict', '[0],[system],[dict],', '字典详情', '', '/dict/detail', 6, 3, 0, NULL, 1, NULL),
	(158, 'log_list', 'log', '[0],[system],[log],', '日志列表', '', '/log/list', 2, 3, 0, NULL, 1, NULL),
	(159, 'log_detail', 'log', '[0],[system],[log],', '日志详情', '', '/log/detail', 3, 3, 0, NULL, 1, NULL),
	(160, 'del_login_log', 'loginLog', '[0],[system],[loginLog],', '清空登录日志', '', '/loginLog/delLoginLog', 1, 3, 0, NULL, 1, NULL),
	(161, 'login_log_list', 'loginLog', '[0],[system],[loginLog],', '登录日志列表', '', '/loginLog/list', 2, 3, 0, NULL, 1, NULL),
	(162, 'to_role_edit', 'role', '[0],[system],[role],', '修改角色跳转', '', '/role/role_edit', 5, 3, 0, NULL, 1, NULL),
	(163, 'to_role_assign', 'role', '[0],[system],[role],', '角色分配跳转', '', '/role/role_assign', 6, 3, 0, NULL, 1, NULL),
	(164, 'role_list', 'role', '[0],[system],[role],', '角色列表', '', '/role/list', 7, 3, 0, NULL, 1, NULL),
	(165, 'to_assign_role', 'mgr', '[0],[system],[mgr],', '分配角色跳转', '', '/mgr/role_assign', 8, 3, 0, NULL, 1, NULL),
	(166, 'to_user_edit', 'mgr', '[0],[system],[mgr],', '编辑用户跳转', '', '/mgr/user_edit', 9, 3, 0, NULL, 1, NULL),
	(167, 'mgr_list', 'mgr', '[0],[system],[mgr],', '用户列表', '', '/mgr/list', 10, 3, 0, NULL, 1, NULL),
	(171, 'category', '0', '[0],', '分类管理', 'fa-archive', '/category', 0, 1, 1, NULL, 1, NULL),
	(173, 'site', '0', '[0],', '网站管理', 'fa-internet-explorer', '/site', 1, 1, 1, NULL, 1, NULL);
/*!40000 ALTER TABLE `sys_menu` ENABLE KEYS */;


-- 导出  表 webstack.sys_notice 结构
CREATE TABLE IF NOT EXISTS `sys_notice` (
  `id` int(11) NOT NULL AUTO_INCREMENT COMMENT '主键',
  `title` varchar(255) DEFAULT NULL COMMENT '标题',
  `type` int(11) DEFAULT NULL COMMENT '类型',
  `content` text COMMENT '内容',
  `createtime` datetime DEFAULT NULL COMMENT '创建时间',
  `creater` int(11) DEFAULT NULL COMMENT '创建人',
  PRIMARY KEY (`id`) USING BTREE
) ENGINE=InnoDB AUTO_INCREMENT=11 DEFAULT CHARSET=utf8 ROW_FORMAT=DYNAMIC COMMENT='通知表';

-- 正在导出表  webstack.sys_notice 的数据：~3 rows (大约)
/*!40000 ALTER TABLE `sys_notice` DISABLE KEYS */;
REPLACE INTO `sys_notice` (`id`, `title`, `type`, `content`, `createtime`, `creater`) VALUES
	(6, '世界', 10, '欢迎使用Guns管理系统', '2017-01-11 08:53:20', 1),
	(8, '你好', NULL, '你好', '2017-05-10 19:28:57', 1),
	(10, '你好', NULL, '这是一个开源的网址导航网站项目，您可以拿来制作自己的网址导航，也可以做与导航无关的网站。如果对本项目有任何建议都可以发起 issue。', '2019-07-26 18:23:52', 1);
/*!40000 ALTER TABLE `sys_notice` ENABLE KEYS */;


-- 导出  表 webstack.sys_operation_log 结构
CREATE TABLE IF NOT EXISTS `sys_operation_log` (
  `id` int(65) NOT NULL AUTO_INCREMENT COMMENT '主键',
  `logtype` varchar(255) DEFAULT NULL COMMENT '日志类型',
  `logname` varchar(255) DEFAULT NULL COMMENT '日志名称',
  `userid` int(65) DEFAULT NULL COMMENT '用户id',
  `classname` varchar(255) DEFAULT NULL COMMENT '类名称',
  `method` text COMMENT '方法名称',
  `createtime` datetime DEFAULT NULL COMMENT '创建时间',
  `succeed` varchar(255) DEFAULT NULL COMMENT '是否成功',
  `message` text COMMENT '备注',
  PRIMARY KEY (`id`) USING BTREE
) ENGINE=InnoDB AUTO_INCREMENT=644 DEFAULT CHARSET=utf8 ROW_FORMAT=DYNAMIC COMMENT='操作日志';

-- 正在导出表  webstack.sys_operation_log 的数据：~36 rows (大约)
/*!40000 ALTER TABLE `sys_operation_log` DISABLE KEYS */;
REPLACE INTO `sys_operation_log` (`id`, `logtype`, `logname`, `userid`, `classname`, `method`, `createtime`, `succeed`, `message`) VALUES
	(608, '异常日志', '', 1, NULL, NULL, '2019-12-18 01:47:00', '失败', 'java.util.ConcurrentModificationException\r\n	at java.util.ArrayListTItr.checkForComodification(Unknown Source)\r\n	at java.util.ArrayListTItr.next(Unknown Source)\r\n	at com.jsnjfz.manage.modular.system.service.impl.CategoryServiceImpl.getCatogrySiteByinfo(CategoryServiceImpl.java:73)\r\n	at com.jsnjfz.manage.modular.system.service.impl.CategoryServiceImplTTFastClassBySpringCGLIBTT5eb912bc.invoke(<generated>)\r\n	at org.springframework.cglib.proxy.MethodProxy.invoke(MethodProxy.java:204)\r\n	at org.springframework.aop.framework.CglibAopProxyTCglibMethodInvocation.invokeJoinpoint(CglibAopProxy.java:747)\r\n	at org.springframework.aop.framework.ReflectiveMethodInvocation.proceed(ReflectiveMethodInvocation.java:163)\r\n	at com.alibaba.druid.support.spring.stat.DruidStatInterceptor.invoke(DruidStatInterceptor.java:72)\r\n	at org.springframework.aop.framework.ReflectiveMethodInvocation.proceed(ReflectiveMethodInvocation.java:185)\r\n	at org.springframework.aop.framework.CglibAopProxyTDynamicAdvisedInterceptor.intercept(CglibAopProxy.java:689)\r\n	at com.jsnjfz.manage.modular.system.service.impl.CategoryServiceImplTTEnhancerBySpringCGLIBTTa76dc6f8.getCatogrySiteByinfo(<generated>)\r\n	at com.jsnjfz.manage.modular.system.controller.IndexController.s(IndexController.java:62)\r\n	at com.jsnjfz.manage.modular.system.controller.IndexControllerTTFastClassBySpringCGLIBTT78acb316.invoke(<generated>)\r\n	at org.springframework.cglib.proxy.MethodProxy.invoke(MethodProxy.java:204)\r\n	at org.springframework.aop.framework.CglibAopProxyTCglibMethodInvocation.invokeJoinpoint(CglibAopProxy.java:747)\r\n	at org.springframework.aop.framework.ReflectiveMethodInvocation.proceed(ReflectiveMethodInvocation.java:163)\r\n	at org.springframework.aop.aspectj.MethodInvocationProceedingJoinPoint.proceed(MethodInvocationProceedingJoinPoint.java:89)\r\n	at com.jsnjfz.manage.core.interceptor.SessionHolderInterceptor.sessionKit(SessionHolderInterceptor.java:44)\r\n	at sun.reflect.NativeMethodAccessorImpl.invoke0(Native Method)\r\n	at sun.reflect.NativeMethodAccessorImpl.invoke(Unknown Source)\r\n	at sun.reflect.DelegatingMethodAccessorImpl.invoke(Unknown Source)\r\n	at java.lang.reflect.Method.invoke(Unknown Source)\r\n	at org.springframework.aop.aspectj.AbstractAspectJAdvice.invokeAdviceMethodWithGivenArgs(AbstractAspectJAdvice.java:644)\r\n	at org.springframework.aop.aspectj.AbstractAspectJAdvice.invokeAdviceMethod(AbstractAspectJAdvice.java:633)\r\n	at org.springframework.aop.aspectj.AspectJAroundAdvice.invoke(AspectJAroundAdvice.java:70)\r\n	at org.springframework.aop.framework.ReflectiveMethodInvocation.proceed(ReflectiveMethodInvocation.java:185)\r\n	at org.springframework.aop.interceptor.ExposeInvocationInterceptor.invoke(ExposeInvocationInterceptor.java:92)\r\n	at org.springframework.aop.framework.ReflectiveMethodInvocation.proceed(ReflectiveMethodInvocation.java:185)\r\n	at org.springframework.aop.framework.CglibAopProxyTDynamicAdvisedInterceptor.intercept(CglibAopProxy.java:689)\r\n	at com.jsnjfz.manage.modular.system.controller.IndexControllerTTEnhancerBySpringCGLIBTTad6c8263.s(<generated>)\r\n	at sun.reflect.NativeMethodAccessorImpl.invoke0(Native Method)\r\n	at sun.reflect.NativeMethodAccessorImpl.invoke(Unknown Source)\r\n	at sun.reflect.DelegatingMethodAccessorImpl.invoke(Unknown Source)\r\n	at java.lang.reflect.Method.invoke(Unknown Source)\r\n	at org.springframework.web.method.support.InvocableHandlerMethod.doInvoke(InvocableHandlerMethod.java:209)\r\n	at org.springframework.web.method.support.InvocableHandlerMethod.invokeForRequest(InvocableHandlerMethod.java:136)\r\n	at org.springframework.web.servlet.mvc.method.annotation.ServletInvocableHandlerMethod.invokeAndHandle(ServletInvocableHandlerMethod.java:102)\r\n	at org.springframework.web.servlet.mvc.method.annotation.RequestMappingHandlerAdapter.invokeHandlerMethod(RequestMappingHandlerAdapter.java:877)\r\n	at org.springframework.web.servlet.mvc.method.annotation.RequestMappingHandlerAdapter.handleInternal(RequestMappingHandlerAdapter.java:783)\r\n	at org.springframework.web.servlet.mvc.method.AbstractHandlerMethodAdapter.handle(AbstractHandlerMethodAdapter.java:87)\r\n	at org.springframework.web.servlet.DispatcherServlet.doDispatch(DispatcherServlet.java:991)\r\n	at org.springframework.web.servlet.DispatcherServlet.doService(DispatcherServlet.java:925)\r\n	at org.springframework.web.servlet.FrameworkServlet.processRequest(FrameworkServlet.java:974)\r\n	at org.springframework.web.servlet.FrameworkServlet.doGet(FrameworkServlet.java:866)\r\n	at javax.servlet.http.HttpServlet.service(HttpServlet.java:635)\r\n	at org.springframework.web.servlet.FrameworkServlet.service(FrameworkServlet.java:851)\r\n	at javax.servlet.http.HttpServlet.service(HttpServlet.java:742)\r\n	at org.apache.catalina.core.ApplicationFilterChain.internalDoFilter(ApplicationFilterChain.java:231)\r\n	at org.apache.catalina.core.ApplicationFilterChain.doFilter(ApplicationFilterChain.java:166)\r\n	at org.apache.tomcat.websocket.server.WsFilter.doFilter(WsFilter.java:52)\r\n	at org.apache.catalina.core.ApplicationFilterChain.internalDoFilter(ApplicationFilterChain.java:193)\r\n	at org.apache.catalina.core.ApplicationFilterChain.doFilter(ApplicationFilterChain.java:166)\r\n	at org.apache.shiro.web.servlet.ProxiedFilterChain.doFilter(ProxiedFilterChain.java:61)\r\n	at org.apache.shiro.web.servlet.AdviceFilter.executeChain(AdviceFilter.java:108)\r\n	at org.apache.shiro.web.servlet.AdviceFilter.doFilterInternal(AdviceFilter.java:137)\r\n	at org.apache.shiro.web.servlet.OncePerRequestFilter.doFilter(OncePerRequestFilter.java:125)\r\n	at org.apache.shiro.web.servlet.ProxiedFilterChain.doFilter(ProxiedFilterChain.java:66)\r\n	at org.apache.shiro.web.servlet.AbstractShiroFilter.executeChain(AbstractShiroFilter.java:449)\r\n	at org.apache.shiro.web.servlet.AbstractShiroFilterT1.call(AbstractShiroFilter.java:365)\r\n	at org.apache.shiro.subject.support.SubjectCallable.doCall(SubjectCallable.java:90)\r\n	at org.apache.shiro.subject.support.SubjectCallable.call(SubjectCallable.java:83)\r\n	at org.apache.shiro.subject.support.DelegatingSubject.execute(DelegatingSubject.java:387)\r\n	at org.apache.shiro.web.servlet.AbstractShiroFilter.doFilterInternal(AbstractShiroFilter.java:362)\r\n	at org.apache.shiro.web.servlet.OncePerRequestFilter.doFilter(OncePerRequestFilter.java:125)\r\n	at org.apache.catalina.core.ApplicationFilterChain.internalDoFilter(ApplicationFilterChain.java:193)\r\n	at org.apache.catalina.core.ApplicationFilterChain.doFilter(ApplicationFilterChain.java:166)\r\n	at cn.stylefeng.roses.core.xss.XssFilter.doFilter(XssFilter.java:31)\r\n	at org.apache.catalina.core.ApplicationFilterChain.internalDoFilter(ApplicationFilterChain.java:193)\r\n	at org.apache.catalina.core.ApplicationFilterChain.doFilter(ApplicationFilterChain.java:166)\r\n	at com.alibaba.druid.support.http.WebStatFilter.doFilter(WebStatFilter.java:123)\r\n	at org.apache.catalina.core.ApplicationFilterChain.internalDoFilter(ApplicationFilterChain.java:193)\r\n	at org.apache.catalina.core.ApplicationFilterChain.doFilter(ApplicationFilterChain.java:166)\r\n	at org.springframework.web.filter.RequestContextFilter.doFilterInternal(RequestContextFilter.java:99)\r\n	at org.springframework.web.filter.OncePerRequestFilter.doFilter(OncePerRequestFilter.java:107)\r\n	at org.apache.catalina.core.ApplicationFilterChain.internalDoFilter(ApplicationFilterChain.java:193)\r\n	at org.apache.catalina.core.ApplicationFilterChain.doFilter(ApplicationFilterChain.java:166)\r\n	at org.springframework.web.filter.HttpPutFormContentFilter.doFilterInternal(HttpPutFormContentFilter.java:109)\r\n	at org.springframework.web.filter.OncePerRequestFilter.doFilter(OncePerRequestFilter.java:107)\r\n	at org.apache.catalina.core.ApplicationFilterChain.internalDoFilter(ApplicationFilterChain.java:193)\r\n	at org.apache.catalina.core.ApplicationFilterChain.doFilter(ApplicationFilterChain.java:166)\r\n	at org.springframework.web.filter.HiddenHttpMethodFilter.doFilterInternal(HiddenHttpMethodFilter.java:81)\r\n	at org.springframework.web.filter.OncePerRequestFilter.doFilter(OncePerRequestFilter.java:107)\r\n	at org.apache.catalina.core.ApplicationFilterChain.internalDoFilter(ApplicationFilterChain.java:193)\r\n	at org.apache.catalina.core.ApplicationFilterChain.doFilter(ApplicationFilterChain.java:166)\r\n	at org.springframework.web.filter.CharacterEncodingFilter.doFilterInternal(CharacterEncodingFilter.java:200)\r\n	at org.springframework.web.filter.OncePerRequestFilter.doFilter(OncePerRequestFilter.java:107)\r\n	at org.apache.catalina.core.ApplicationFilterChain.internalDoFilter(ApplicationFilterChain.java:193)\r\n	at org.apache.catalina.core.ApplicationFilterChain.doFilter(ApplicationFilterChain.java:166)\r\n	at org.apache.catalina.core.StandardWrapperValve.invoke(StandardWrapperValve.java:198)\r\n	at org.apache.catalina.core.StandardContextValve.invoke(StandardContextValve.java:96)\r\n	at org.apache.catalina.authenticator.AuthenticatorBase.invoke(AuthenticatorBase.java:496)\r\n	at org.apache.catalina.core.StandardHostValve.invoke(StandardHostValve.java:140)\r\n	at org.apache.catalina.valves.ErrorReportValve.invoke(ErrorReportValve.java:81)\r\n	at org.apache.catalina.core.StandardEngineValve.invoke(StandardEngineValve.java:87)\r\n	at org.apache.catalina.connector.CoyoteAdapter.service(CoyoteAdapter.java:342)\r\n	at org.apache.coyote.http11.Http11Processor.service(Http11Processor.java:803)\r\n	at org.apache.coyote.AbstractProcessorLight.process(AbstractProcessorLight.java:66)\r\n	at org.apache.coyote.AbstractProtocolTConnectionHandler.process(AbstractProtocol.java:790)\r\n	at org.apache.tomcat.util.net.NioEndpointTSocketProcessor.doRun(NioEndpoint.java:1459)\r\n	at org.apache.tomcat.util.net.SocketProcessorBase.run(SocketProcessorBase.java:49)\r\n	at java.util.concurrent.ThreadPoolExecutor.runWorker(Unknown Source)\r\n	at java.util.concurrent.ThreadPoolExecutorTWorker.run(Unknown Source)\r\n	at org.apache.tomcat.util.threads.TaskThreadTWrappingRunnable.run(TaskThread.java:61)\r\n	at java.lang.Thread.run(Unknown Source)\r\n'),
	(609, '异常日志', '', 1, NULL, NULL, '2019-12-18 01:48:34', '失败', 'java.util.ConcurrentModificationException\r\n	at java.util.ArrayListTItr.checkForComodification(Unknown Source)\r\n	at java.util.ArrayListTItr.next(Unknown Source)\r\n	at com.jsnjfz.manage.modular.system.service.impl.CategoryServiceImpl.getCatogrySiteByinfo(CategoryServiceImpl.java:73)\r\n	at com.jsnjfz.manage.modular.system.service.impl.CategoryServiceImplTTFastClassBySpringCGLIBTT5eb912bc.invoke(<generated>)\r\n	at org.springframework.cglib.proxy.MethodProxy.invoke(MethodProxy.java:204)\r\n	at org.springframework.aop.framework.CglibAopProxyTCglibMethodInvocation.invokeJoinpoint(CglibAopProxy.java:747)\r\n	at org.springframework.aop.framework.ReflectiveMethodInvocation.proceed(ReflectiveMethodInvocation.java:163)\r\n	at com.alibaba.druid.support.spring.stat.DruidStatInterceptor.invoke(DruidStatInterceptor.java:72)\r\n	at org.springframework.aop.framework.ReflectiveMethodInvocation.proceed(ReflectiveMethodInvocation.java:185)\r\n	at org.springframework.aop.framework.CglibAopProxyTDynamicAdvisedInterceptor.intercept(CglibAopProxy.java:689)\r\n	at com.jsnjfz.manage.modular.system.service.impl.CategoryServiceImplTTEnhancerBySpringCGLIBTTa76dc6f8.getCatogrySiteByinfo(<generated>)\r\n	at com.jsnjfz.manage.modular.system.controller.IndexController.s(IndexController.java:62)\r\n	at com.jsnjfz.manage.modular.system.controller.IndexControllerTTFastClassBySpringCGLIBTT78acb316.invoke(<generated>)\r\n	at org.springframework.cglib.proxy.MethodProxy.invoke(MethodProxy.java:204)\r\n	at org.springframework.aop.framework.CglibAopProxyTCglibMethodInvocation.invokeJoinpoint(CglibAopProxy.java:747)\r\n	at org.springframework.aop.framework.ReflectiveMethodInvocation.proceed(ReflectiveMethodInvocation.java:163)\r\n	at org.springframework.aop.aspectj.MethodInvocationProceedingJoinPoint.proceed(MethodInvocationProceedingJoinPoint.java:89)\r\n	at com.jsnjfz.manage.core.interceptor.SessionHolderInterceptor.sessionKit(SessionHolderInterceptor.java:44)\r\n	at sun.reflect.NativeMethodAccessorImpl.invoke0(Native Method)\r\n	at sun.reflect.NativeMethodAccessorImpl.invoke(Unknown Source)\r\n	at sun.reflect.DelegatingMethodAccessorImpl.invoke(Unknown Source)\r\n	at java.lang.reflect.Method.invoke(Unknown Source)\r\n	at org.springframework.aop.aspectj.AbstractAspectJAdvice.invokeAdviceMethodWithGivenArgs(AbstractAspectJAdvice.java:644)\r\n	at org.springframework.aop.aspectj.AbstractAspectJAdvice.invokeAdviceMethod(AbstractAspectJAdvice.java:633)\r\n	at org.springframework.aop.aspectj.AspectJAroundAdvice.invoke(AspectJAroundAdvice.java:70)\r\n	at org.springframework.aop.framework.ReflectiveMethodInvocation.proceed(ReflectiveMethodInvocation.java:185)\r\n	at org.springframework.aop.interceptor.ExposeInvocationInterceptor.invoke(ExposeInvocationInterceptor.java:92)\r\n	at org.springframework.aop.framework.ReflectiveMethodInvocation.proceed(ReflectiveMethodInvocation.java:185)\r\n	at org.springframework.aop.framework.CglibAopProxyTDynamicAdvisedInterceptor.intercept(CglibAopProxy.java:689)\r\n	at com.jsnjfz.manage.modular.system.controller.IndexControllerTTEnhancerBySpringCGLIBTTad6c8263.s(<generated>)\r\n	at sun.reflect.NativeMethodAccessorImpl.invoke0(Native Method)\r\n	at sun.reflect.NativeMethodAccessorImpl.invoke(Unknown Source)\r\n	at sun.reflect.DelegatingMethodAccessorImpl.invoke(Unknown Source)\r\n	at java.lang.reflect.Method.invoke(Unknown Source)\r\n	at org.springframework.web.method.support.InvocableHandlerMethod.doInvoke(InvocableHandlerMethod.java:209)\r\n	at org.springframework.web.method.support.InvocableHandlerMethod.invokeForRequest(InvocableHandlerMethod.java:136)\r\n	at org.springframework.web.servlet.mvc.method.annotation.ServletInvocableHandlerMethod.invokeAndHandle(ServletInvocableHandlerMethod.java:102)\r\n	at org.springframework.web.servlet.mvc.method.annotation.RequestMappingHandlerAdapter.invokeHandlerMethod(RequestMappingHandlerAdapter.java:877)\r\n	at org.springframework.web.servlet.mvc.method.annotation.RequestMappingHandlerAdapter.handleInternal(RequestMappingHandlerAdapter.java:783)\r\n	at org.springframework.web.servlet.mvc.method.AbstractHandlerMethodAdapter.handle(AbstractHandlerMethodAdapter.java:87)\r\n	at org.springframework.web.servlet.DispatcherServlet.doDispatch(DispatcherServlet.java:991)\r\n	at org.springframework.web.servlet.DispatcherServlet.doService(DispatcherServlet.java:925)\r\n	at org.springframework.web.servlet.FrameworkServlet.processRequest(FrameworkServlet.java:974)\r\n	at org.springframework.web.servlet.FrameworkServlet.doGet(FrameworkServlet.java:866)\r\n	at javax.servlet.http.HttpServlet.service(HttpServlet.java:635)\r\n	at org.springframework.web.servlet.FrameworkServlet.service(FrameworkServlet.java:851)\r\n	at javax.servlet.http.HttpServlet.service(HttpServlet.java:742)\r\n	at org.apache.catalina.core.ApplicationFilterChain.internalDoFilter(ApplicationFilterChain.java:231)\r\n	at org.apache.catalina.core.ApplicationFilterChain.doFilter(ApplicationFilterChain.java:166)\r\n	at org.apache.tomcat.websocket.server.WsFilter.doFilter(WsFilter.java:52)\r\n	at org.apache.catalina.core.ApplicationFilterChain.internalDoFilter(ApplicationFilterChain.java:193)\r\n	at org.apache.catalina.core.ApplicationFilterChain.doFilter(ApplicationFilterChain.java:166)\r\n	at org.apache.shiro.web.servlet.ProxiedFilterChain.doFilter(ProxiedFilterChain.java:61)\r\n	at org.apache.shiro.web.servlet.AdviceFilter.executeChain(AdviceFilter.java:108)\r\n	at org.apache.shiro.web.servlet.AdviceFilter.doFilterInternal(AdviceFilter.java:137)\r\n	at org.apache.shiro.web.servlet.OncePerRequestFilter.doFilter(OncePerRequestFilter.java:125)\r\n	at org.apache.shiro.web.servlet.ProxiedFilterChain.doFilter(ProxiedFilterChain.java:66)\r\n	at org.apache.shiro.web.servlet.AbstractShiroFilter.executeChain(AbstractShiroFilter.java:449)\r\n	at org.apache.shiro.web.servlet.AbstractShiroFilterT1.call(AbstractShiroFilter.java:365)\r\n	at org.apache.shiro.subject.support.SubjectCallable.doCall(SubjectCallable.java:90)\r\n	at org.apache.shiro.subject.support.SubjectCallable.call(SubjectCallable.java:83)\r\n	at org.apache.shiro.subject.support.DelegatingSubject.execute(DelegatingSubject.java:387)\r\n	at org.apache.shiro.web.servlet.AbstractShiroFilter.doFilterInternal(AbstractShiroFilter.java:362)\r\n	at org.apache.shiro.web.servlet.OncePerRequestFilter.doFilter(OncePerRequestFilter.java:125)\r\n	at org.apache.catalina.core.ApplicationFilterChain.internalDoFilter(ApplicationFilterChain.java:193)\r\n	at org.apache.catalina.core.ApplicationFilterChain.doFilter(ApplicationFilterChain.java:166)\r\n	at cn.stylefeng.roses.core.xss.XssFilter.doFilter(XssFilter.java:31)\r\n	at org.apache.catalina.core.ApplicationFilterChain.internalDoFilter(ApplicationFilterChain.java:193)\r\n	at org.apache.catalina.core.ApplicationFilterChain.doFilter(ApplicationFilterChain.java:166)\r\n	at com.alibaba.druid.support.http.WebStatFilter.doFilter(WebStatFilter.java:123)\r\n	at org.apache.catalina.core.ApplicationFilterChain.internalDoFilter(ApplicationFilterChain.java:193)\r\n	at org.apache.catalina.core.ApplicationFilterChain.doFilter(ApplicationFilterChain.java:166)\r\n	at org.springframework.web.filter.RequestContextFilter.doFilterInternal(RequestContextFilter.java:99)\r\n	at org.springframework.web.filter.OncePerRequestFilter.doFilter(OncePerRequestFilter.java:107)\r\n	at org.apache.catalina.core.ApplicationFilterChain.internalDoFilter(ApplicationFilterChain.java:193)\r\n	at org.apache.catalina.core.ApplicationFilterChain.doFilter(ApplicationFilterChain.java:166)\r\n	at org.springframework.web.filter.HttpPutFormContentFilter.doFilterInternal(HttpPutFormContentFilter.java:109)\r\n	at org.springframework.web.filter.OncePerRequestFilter.doFilter(OncePerRequestFilter.java:107)\r\n	at org.apache.catalina.core.ApplicationFilterChain.internalDoFilter(ApplicationFilterChain.java:193)\r\n	at org.apache.catalina.core.ApplicationFilterChain.doFilter(ApplicationFilterChain.java:166)\r\n	at org.springframework.web.filter.HiddenHttpMethodFilter.doFilterInternal(HiddenHttpMethodFilter.java:81)\r\n	at org.springframework.web.filter.OncePerRequestFilter.doFilter(OncePerRequestFilter.java:107)\r\n	at org.apache.catalina.core.ApplicationFilterChain.internalDoFilter(ApplicationFilterChain.java:193)\r\n	at org.apache.catalina.core.ApplicationFilterChain.doFilter(ApplicationFilterChain.java:166)\r\n	at org.springframework.web.filter.CharacterEncodingFilter.doFilterInternal(CharacterEncodingFilter.java:200)\r\n	at org.springframework.web.filter.OncePerRequestFilter.doFilter(OncePerRequestFilter.java:107)\r\n	at org.apache.catalina.core.ApplicationFilterChain.internalDoFilter(ApplicationFilterChain.java:193)\r\n	at org.apache.catalina.core.ApplicationFilterChain.doFilter(ApplicationFilterChain.java:166)\r\n	at org.apache.catalina.core.StandardWrapperValve.invoke(StandardWrapperValve.java:198)\r\n	at org.apache.catalina.core.StandardContextValve.invoke(StandardContextValve.java:96)\r\n	at org.apache.catalina.authenticator.AuthenticatorBase.invoke(AuthenticatorBase.java:496)\r\n	at org.apache.catalina.core.StandardHostValve.invoke(StandardHostValve.java:140)\r\n	at org.apache.catalina.valves.ErrorReportValve.invoke(ErrorReportValve.java:81)\r\n	at org.apache.catalina.core.StandardEngineValve.invoke(StandardEngineValve.java:87)\r\n	at org.apache.catalina.connector.CoyoteAdapter.service(CoyoteAdapter.java:342)\r\n	at org.apache.coyote.http11.Http11Processor.service(Http11Processor.java:803)\r\n	at org.apache.coyote.AbstractProcessorLight.process(AbstractProcessorLight.java:66)\r\n	at org.apache.coyote.AbstractProtocolTConnectionHandler.process(AbstractProtocol.java:790)\r\n	at org.apache.tomcat.util.net.NioEndpointTSocketProcessor.doRun(NioEndpoint.java:1459)\r\n	at org.apache.tomcat.util.net.SocketProcessorBase.run(SocketProcessorBase.java:49)\r\n	at java.util.concurrent.ThreadPoolExecutor.runWorker(Unknown Source)\r\n	at java.util.concurrent.ThreadPoolExecutorTWorker.run(Unknown Source)\r\n	at org.apache.tomcat.util.threads.TaskThreadTWrappingRunnable.run(TaskThread.java:61)\r\n	at java.lang.Thread.run(Unknown Source)\r\n'),
	(610, '异常日志', '', 1, NULL, NULL, '2019-12-18 02:09:06', '失败', 'java.util.ConcurrentModificationException\r\n	at java.util.ArrayListTItr.checkForComodification(Unknown Source)\r\n	at java.util.ArrayListTItr.next(Unknown Source)\r\n	at com.jsnjfz.manage.modular.system.service.impl.CategoryServiceImpl.getCatogrySiteByinfo(CategoryServiceImpl.java:73)\r\n	at com.jsnjfz.manage.modular.system.service.impl.CategoryServiceImplTTFastClassBySpringCGLIBTT5eb912bc.invoke(<generated>)\r\n	at org.springframework.cglib.proxy.MethodProxy.invoke(MethodProxy.java:204)\r\n	at org.springframework.aop.framework.CglibAopProxyTCglibMethodInvocation.invokeJoinpoint(CglibAopProxy.java:747)\r\n	at org.springframework.aop.framework.ReflectiveMethodInvocation.proceed(ReflectiveMethodInvocation.java:163)\r\n	at com.alibaba.druid.support.spring.stat.DruidStatInterceptor.invoke(DruidStatInterceptor.java:72)\r\n	at org.springframework.aop.framework.ReflectiveMethodInvocation.proceed(ReflectiveMethodInvocation.java:185)\r\n	at org.springframework.aop.framework.CglibAopProxyTDynamicAdvisedInterceptor.intercept(CglibAopProxy.java:689)\r\n	at com.jsnjfz.manage.modular.system.service.impl.CategoryServiceImplTTEnhancerBySpringCGLIBTT236036b3.getCatogrySiteByinfo(<generated>)\r\n	at com.jsnjfz.manage.modular.system.controller.IndexController.s(IndexController.java:62)\r\n	at com.jsnjfz.manage.modular.system.controller.IndexControllerTTFastClassBySpringCGLIBTT78acb316.invoke(<generated>)\r\n	at org.springframework.cglib.proxy.MethodProxy.invoke(MethodProxy.java:204)\r\n	at org.springframework.aop.framework.CglibAopProxyTCglibMethodInvocation.invokeJoinpoint(CglibAopProxy.java:747)\r\n	at org.springframework.aop.framework.ReflectiveMethodInvocation.proceed(ReflectiveMethodInvocation.java:163)\r\n	at org.springframework.aop.aspectj.MethodInvocationProceedingJoinPoint.proceed(MethodInvocationProceedingJoinPoint.java:89)\r\n	at com.jsnjfz.manage.core.interceptor.SessionHolderInterceptor.sessionKit(SessionHolderInterceptor.java:44)\r\n	at sun.reflect.NativeMethodAccessorImpl.invoke0(Native Method)\r\n	at sun.reflect.NativeMethodAccessorImpl.invoke(Unknown Source)\r\n	at sun.reflect.DelegatingMethodAccessorImpl.invoke(Unknown Source)\r\n	at java.lang.reflect.Method.invoke(Unknown Source)\r\n	at org.springframework.aop.aspectj.AbstractAspectJAdvice.invokeAdviceMethodWithGivenArgs(AbstractAspectJAdvice.java:644)\r\n	at org.springframework.aop.aspectj.AbstractAspectJAdvice.invokeAdviceMethod(AbstractAspectJAdvice.java:633)\r\n	at org.springframework.aop.aspectj.AspectJAroundAdvice.invoke(AspectJAroundAdvice.java:70)\r\n	at org.springframework.aop.framework.ReflectiveMethodInvocation.proceed(ReflectiveMethodInvocation.java:185)\r\n	at org.springframework.aop.interceptor.ExposeInvocationInterceptor.invoke(ExposeInvocationInterceptor.java:92)\r\n	at org.springframework.aop.framework.ReflectiveMethodInvocation.proceed(ReflectiveMethodInvocation.java:185)\r\n	at org.springframework.aop.framework.CglibAopProxyTDynamicAdvisedInterceptor.intercept(CglibAopProxy.java:689)\r\n	at com.jsnjfz.manage.modular.system.controller.IndexControllerTTEnhancerBySpringCGLIBTTa3d6a309.s(<generated>)\r\n	at sun.reflect.NativeMethodAccessorImpl.invoke0(Native Method)\r\n	at sun.reflect.NativeMethodAccessorImpl.invoke(Unknown Source)\r\n	at sun.reflect.DelegatingMethodAccessorImpl.invoke(Unknown Source)\r\n	at java.lang.reflect.Method.invoke(Unknown Source)\r\n	at org.springframework.web.method.support.InvocableHandlerMethod.doInvoke(InvocableHandlerMethod.java:209)\r\n	at org.springframework.web.method.support.InvocableHandlerMethod.invokeForRequest(InvocableHandlerMethod.java:136)\r\n	at org.springframework.web.servlet.mvc.method.annotation.ServletInvocableHandlerMethod.invokeAndHandle(ServletInvocableHandlerMethod.java:102)\r\n	at org.springframework.web.servlet.mvc.method.annotation.RequestMappingHandlerAdapter.invokeHandlerMethod(RequestMappingHandlerAdapter.java:877)\r\n	at org.springframework.web.servlet.mvc.method.annotation.RequestMappingHandlerAdapter.handleInternal(RequestMappingHandlerAdapter.java:783)\r\n	at org.springframework.web.servlet.mvc.method.AbstractHandlerMethodAdapter.handle(AbstractHandlerMethodAdapter.java:87)\r\n	at org.springframework.web.servlet.DispatcherServlet.doDispatch(DispatcherServlet.java:991)\r\n	at org.springframework.web.servlet.DispatcherServlet.doService(DispatcherServlet.java:925)\r\n	at org.springframework.web.servlet.FrameworkServlet.processRequest(FrameworkServlet.java:974)\r\n	at org.springframework.web.servlet.FrameworkServlet.doGet(FrameworkServlet.java:866)\r\n	at javax.servlet.http.HttpServlet.service(HttpServlet.java:635)\r\n	at org.springframework.web.servlet.FrameworkServlet.service(FrameworkServlet.java:851)\r\n	at javax.servlet.http.HttpServlet.service(HttpServlet.java:742)\r\n	at org.apache.catalina.core.ApplicationFilterChain.internalDoFilter(ApplicationFilterChain.java:231)\r\n	at org.apache.catalina.core.ApplicationFilterChain.doFilter(ApplicationFilterChain.java:166)\r\n	at org.apache.tomcat.websocket.server.WsFilter.doFilter(WsFilter.java:52)\r\n	at org.apache.catalina.core.ApplicationFilterChain.internalDoFilter(ApplicationFilterChain.java:193)\r\n	at org.apache.catalina.core.ApplicationFilterChain.doFilter(ApplicationFilterChain.java:166)\r\n	at org.apache.shiro.web.servlet.ProxiedFilterChain.doFilter(ProxiedFilterChain.java:61)\r\n	at org.apache.shiro.web.servlet.AdviceFilter.executeChain(AdviceFilter.java:108)\r\n	at org.apache.shiro.web.servlet.AdviceFilter.doFilterInternal(AdviceFilter.java:137)\r\n	at org.apache.shiro.web.servlet.OncePerRequestFilter.doFilter(OncePerRequestFilter.java:125)\r\n	at org.apache.shiro.web.servlet.ProxiedFilterChain.doFilter(ProxiedFilterChain.java:66)\r\n	at org.apache.shiro.web.servlet.AbstractShiroFilter.executeChain(AbstractShiroFilter.java:449)\r\n	at org.apache.shiro.web.servlet.AbstractShiroFilterT1.call(AbstractShiroFilter.java:365)\r\n	at org.apache.shiro.subject.support.SubjectCallable.doCall(SubjectCallable.java:90)\r\n	at org.apache.shiro.subject.support.SubjectCallable.call(SubjectCallable.java:83)\r\n	at org.apache.shiro.subject.support.DelegatingSubject.execute(DelegatingSubject.java:387)\r\n	at org.apache.shiro.web.servlet.AbstractShiroFilter.doFilterInternal(AbstractShiroFilter.java:362)\r\n	at org.apache.shiro.web.servlet.OncePerRequestFilter.doFilter(OncePerRequestFilter.java:125)\r\n	at org.apache.catalina.core.ApplicationFilterChain.internalDoFilter(ApplicationFilterChain.java:193)\r\n	at org.apache.catalina.core.ApplicationFilterChain.doFilter(ApplicationFilterChain.java:166)\r\n	at cn.stylefeng.roses.core.xss.XssFilter.doFilter(XssFilter.java:31)\r\n	at org.apache.catalina.core.ApplicationFilterChain.internalDoFilter(ApplicationFilterChain.java:193)\r\n	at org.apache.catalina.core.ApplicationFilterChain.doFilter(ApplicationFilterChain.java:166)\r\n	at com.alibaba.druid.support.http.WebStatFilter.doFilter(WebStatFilter.java:123)\r\n	at org.apache.catalina.core.ApplicationFilterChain.internalDoFilter(ApplicationFilterChain.java:193)\r\n	at org.apache.catalina.core.ApplicationFilterChain.doFilter(ApplicationFilterChain.java:166)\r\n	at org.springframework.web.filter.RequestContextFilter.doFilterInternal(RequestContextFilter.java:99)\r\n	at org.springframework.web.filter.OncePerRequestFilter.doFilter(OncePerRequestFilter.java:107)\r\n	at org.apache.catalina.core.ApplicationFilterChain.internalDoFilter(ApplicationFilterChain.java:193)\r\n	at org.apache.catalina.core.ApplicationFilterChain.doFilter(ApplicationFilterChain.java:166)\r\n	at org.springframework.web.filter.HttpPutFormContentFilter.doFilterInternal(HttpPutFormContentFilter.java:109)\r\n	at org.springframework.web.filter.OncePerRequestFilter.doFilter(OncePerRequestFilter.java:107)\r\n	at org.apache.catalina.core.ApplicationFilterChain.internalDoFilter(ApplicationFilterChain.java:193)\r\n	at org.apache.catalina.core.ApplicationFilterChain.doFilter(ApplicationFilterChain.java:166)\r\n	at org.springframework.web.filter.HiddenHttpMethodFilter.doFilterInternal(HiddenHttpMethodFilter.java:81)\r\n	at org.springframework.web.filter.OncePerRequestFilter.doFilter(OncePerRequestFilter.java:107)\r\n	at org.apache.catalina.core.ApplicationFilterChain.internalDoFilter(ApplicationFilterChain.java:193)\r\n	at org.apache.catalina.core.ApplicationFilterChain.doFilter(ApplicationFilterChain.java:166)\r\n	at org.springframework.web.filter.CharacterEncodingFilter.doFilterInternal(CharacterEncodingFilter.java:200)\r\n	at org.springframework.web.filter.OncePerRequestFilter.doFilter(OncePerRequestFilter.java:107)\r\n	at org.apache.catalina.core.ApplicationFilterChain.internalDoFilter(ApplicationFilterChain.java:193)\r\n	at org.apache.catalina.core.ApplicationFilterChain.doFilter(ApplicationFilterChain.java:166)\r\n	at org.apache.catalina.core.StandardWrapperValve.invoke(StandardWrapperValve.java:198)\r\n	at org.apache.catalina.core.StandardContextValve.invoke(StandardContextValve.java:96)\r\n	at org.apache.catalina.authenticator.AuthenticatorBase.invoke(AuthenticatorBase.java:496)\r\n	at org.apache.catalina.core.StandardHostValve.invoke(StandardHostValve.java:140)\r\n	at org.apache.catalina.valves.ErrorReportValve.invoke(ErrorReportValve.java:81)\r\n	at org.apache.catalina.core.StandardEngineValve.invoke(StandardEngineValve.java:87)\r\n	at org.apache.catalina.connector.CoyoteAdapter.service(CoyoteAdapter.java:342)\r\n	at org.apache.coyote.http11.Http11Processor.service(Http11Processor.java:803)\r\n	at org.apache.coyote.AbstractProcessorLight.process(AbstractProcessorLight.java:66)\r\n	at org.apache.coyote.AbstractProtocolTConnectionHandler.process(AbstractProtocol.java:790)\r\n	at org.apache.tomcat.util.net.NioEndpointTSocketProcessor.doRun(NioEndpoint.java:1459)\r\n	at org.apache.tomcat.util.net.SocketProcessorBase.run(SocketProcessorBase.java:49)\r\n	at java.util.concurrent.ThreadPoolExecutor.runWorker(Unknown Source)\r\n	at java.util.concurrent.ThreadPoolExecutorTWorker.run(Unknown Source)\r\n	at org.apache.tomcat.util.threads.TaskThreadTWrappingRunnable.run(TaskThread.java:61)\r\n	at java.lang.Thread.run(Unknown Source)\r\n'),
	(611, '异常日志', '', 1, NULL, NULL, '2019-12-18 09:10:41', '失败', 'java.util.ConcurrentModificationException\r\n	at java.util.ArrayListTItr.checkForComodification(Unknown Source)\r\n	at java.util.ArrayListTItr.next(Unknown Source)\r\n	at com.jsnjfz.manage.modular.system.service.impl.CategoryServiceImpl.getCatogrySiteByinfo(CategoryServiceImpl.java:73)\r\n	at com.jsnjfz.manage.modular.system.service.impl.CategoryServiceImplTTFastClassBySpringCGLIBTT5eb912bc.invoke(<generated>)\r\n	at org.springframework.cglib.proxy.MethodProxy.invoke(MethodProxy.java:204)\r\n	at org.springframework.aop.framework.CglibAopProxyTCglibMethodInvocation.invokeJoinpoint(CglibAopProxy.java:747)\r\n	at org.springframework.aop.framework.ReflectiveMethodInvocation.proceed(ReflectiveMethodInvocation.java:163)\r\n	at com.alibaba.druid.support.spring.stat.DruidStatInterceptor.invoke(DruidStatInterceptor.java:72)\r\n	at org.springframework.aop.framework.ReflectiveMethodInvocation.proceed(ReflectiveMethodInvocation.java:185)\r\n	at org.springframework.aop.framework.CglibAopProxyTDynamicAdvisedInterceptor.intercept(CglibAopProxy.java:689)\r\n	at com.jsnjfz.manage.modular.system.service.impl.CategoryServiceImplTTEnhancerBySpringCGLIBTT219669.getCatogrySiteByinfo(<generated>)\r\n	at com.jsnjfz.manage.modular.system.controller.IndexController.s(IndexController.java:62)\r\n	at com.jsnjfz.manage.modular.system.controller.IndexControllerTTFastClassBySpringCGLIBTT78acb316.invoke(<generated>)\r\n	at org.springframework.cglib.proxy.MethodProxy.invoke(MethodProxy.java:204)\r\n	at org.springframework.aop.framework.CglibAopProxyTCglibMethodInvocation.invokeJoinpoint(CglibAopProxy.java:747)\r\n	at org.springframework.aop.framework.ReflectiveMethodInvocation.proceed(ReflectiveMethodInvocation.java:163)\r\n	at org.springframework.aop.aspectj.MethodInvocationProceedingJoinPoint.proceed(MethodInvocationProceedingJoinPoint.java:89)\r\n	at com.jsnjfz.manage.core.interceptor.SessionHolderInterceptor.sessionKit(SessionHolderInterceptor.java:44)\r\n	at sun.reflect.NativeMethodAccessorImpl.invoke0(Native Method)\r\n	at sun.reflect.NativeMethodAccessorImpl.invoke(Unknown Source)\r\n	at sun.reflect.DelegatingMethodAccessorImpl.invoke(Unknown Source)\r\n	at java.lang.reflect.Method.invoke(Unknown Source)\r\n	at org.springframework.aop.aspectj.AbstractAspectJAdvice.invokeAdviceMethodWithGivenArgs(AbstractAspectJAdvice.java:644)\r\n	at org.springframework.aop.aspectj.AbstractAspectJAdvice.invokeAdviceMethod(AbstractAspectJAdvice.java:633)\r\n	at org.springframework.aop.aspectj.AspectJAroundAdvice.invoke(AspectJAroundAdvice.java:70)\r\n	at org.springframework.aop.framework.ReflectiveMethodInvocation.proceed(ReflectiveMethodInvocation.java:185)\r\n	at org.springframework.aop.interceptor.ExposeInvocationInterceptor.invoke(ExposeInvocationInterceptor.java:92)\r\n	at org.springframework.aop.framework.ReflectiveMethodInvocation.proceed(ReflectiveMethodInvocation.java:185)\r\n	at org.springframework.aop.framework.CglibAopProxyTDynamicAdvisedInterceptor.intercept(CglibAopProxy.java:689)\r\n	at com.jsnjfz.manage.modular.system.controller.IndexControllerTTEnhancerBySpringCGLIBTTfd5bfd32.s(<generated>)\r\n	at sun.reflect.NativeMethodAccessorImpl.invoke0(Native Method)\r\n	at sun.reflect.NativeMethodAccessorImpl.invoke(Unknown Source)\r\n	at sun.reflect.DelegatingMethodAccessorImpl.invoke(Unknown Source)\r\n	at java.lang.reflect.Method.invoke(Unknown Source)\r\n	at org.springframework.web.method.support.InvocableHandlerMethod.doInvoke(InvocableHandlerMethod.java:209)\r\n	at org.springframework.web.method.support.InvocableHandlerMethod.invokeForRequest(InvocableHandlerMethod.java:136)\r\n	at org.springframework.web.servlet.mvc.method.annotation.ServletInvocableHandlerMethod.invokeAndHandle(ServletInvocableHandlerMethod.java:102)\r\n	at org.springframework.web.servlet.mvc.method.annotation.RequestMappingHandlerAdapter.invokeHandlerMethod(RequestMappingHandlerAdapter.java:877)\r\n	at org.springframework.web.servlet.mvc.method.annotation.RequestMappingHandlerAdapter.handleInternal(RequestMappingHandlerAdapter.java:783)\r\n	at org.springframework.web.servlet.mvc.method.AbstractHandlerMethodAdapter.handle(AbstractHandlerMethodAdapter.java:87)\r\n	at org.springframework.web.servlet.DispatcherServlet.doDispatch(DispatcherServlet.java:991)\r\n	at org.springframework.web.servlet.DispatcherServlet.doService(DispatcherServlet.java:925)\r\n	at org.springframework.web.servlet.FrameworkServlet.processRequest(FrameworkServlet.java:974)\r\n	at org.springframework.web.servlet.FrameworkServlet.doGet(FrameworkServlet.java:866)\r\n	at javax.servlet.http.HttpServlet.service(HttpServlet.java:635)\r\n	at org.springframework.web.servlet.FrameworkServlet.service(FrameworkServlet.java:851)\r\n	at javax.servlet.http.HttpServlet.service(HttpServlet.java:742)\r\n	at org.apache.catalina.core.ApplicationFilterChain.internalDoFilter(ApplicationFilterChain.java:231)\r\n	at org.apache.catalina.core.ApplicationFilterChain.doFilter(ApplicationFilterChain.java:166)\r\n	at org.apache.tomcat.websocket.server.WsFilter.doFilter(WsFilter.java:52)\r\n	at org.apache.catalina.core.ApplicationFilterChain.internalDoFilter(ApplicationFilterChain.java:193)\r\n	at org.apache.catalina.core.ApplicationFilterChain.doFilter(ApplicationFilterChain.java:166)\r\n	at org.apache.shiro.web.servlet.ProxiedFilterChain.doFilter(ProxiedFilterChain.java:61)\r\n	at org.apache.shiro.web.servlet.AdviceFilter.executeChain(AdviceFilter.java:108)\r\n	at org.apache.shiro.web.servlet.AdviceFilter.doFilterInternal(AdviceFilter.java:137)\r\n	at org.apache.shiro.web.servlet.OncePerRequestFilter.doFilter(OncePerRequestFilter.java:125)\r\n	at org.apache.shiro.web.servlet.ProxiedFilterChain.doFilter(ProxiedFilterChain.java:66)\r\n	at org.apache.shiro.web.servlet.AbstractShiroFilter.executeChain(AbstractShiroFilter.java:449)\r\n	at org.apache.shiro.web.servlet.AbstractShiroFilterT1.call(AbstractShiroFilter.java:365)\r\n	at org.apache.shiro.subject.support.SubjectCallable.doCall(SubjectCallable.java:90)\r\n	at org.apache.shiro.subject.support.SubjectCallable.call(SubjectCallable.java:83)\r\n	at org.apache.shiro.subject.support.DelegatingSubject.execute(DelegatingSubject.java:387)\r\n	at org.apache.shiro.web.servlet.AbstractShiroFilter.doFilterInternal(AbstractShiroFilter.java:362)\r\n	at org.apache.shiro.web.servlet.OncePerRequestFilter.doFilter(OncePerRequestFilter.java:125)\r\n	at org.apache.catalina.core.ApplicationFilterChain.internalDoFilter(ApplicationFilterChain.java:193)\r\n	at org.apache.catalina.core.ApplicationFilterChain.doFilter(ApplicationFilterChain.java:166)\r\n	at cn.stylefeng.roses.core.xss.XssFilter.doFilter(XssFilter.java:31)\r\n	at org.apache.catalina.core.ApplicationFilterChain.internalDoFilter(ApplicationFilterChain.java:193)\r\n	at org.apache.catalina.core.ApplicationFilterChain.doFilter(ApplicationFilterChain.java:166)\r\n	at com.alibaba.druid.support.http.WebStatFilter.doFilter(WebStatFilter.java:123)\r\n	at org.apache.catalina.core.ApplicationFilterChain.internalDoFilter(ApplicationFilterChain.java:193)\r\n	at org.apache.catalina.core.ApplicationFilterChain.doFilter(ApplicationFilterChain.java:166)\r\n	at org.springframework.web.filter.RequestContextFilter.doFilterInternal(RequestContextFilter.java:99)\r\n	at org.springframework.web.filter.OncePerRequestFilter.doFilter(OncePerRequestFilter.java:107)\r\n	at org.apache.catalina.core.ApplicationFilterChain.internalDoFilter(ApplicationFilterChain.java:193)\r\n	at org.apache.catalina.core.ApplicationFilterChain.doFilter(ApplicationFilterChain.java:166)\r\n	at org.springframework.web.filter.HttpPutFormContentFilter.doFilterInternal(HttpPutFormContentFilter.java:109)\r\n	at org.springframework.web.filter.OncePerRequestFilter.doFilter(OncePerRequestFilter.java:107)\r\n	at org.apache.catalina.core.ApplicationFilterChain.internalDoFilter(ApplicationFilterChain.java:193)\r\n	at org.apache.catalina.core.ApplicationFilterChain.doFilter(ApplicationFilterChain.java:166)\r\n	at org.springframework.web.filter.HiddenHttpMethodFilter.doFilterInternal(HiddenHttpMethodFilter.java:81)\r\n	at org.springframework.web.filter.OncePerRequestFilter.doFilter(OncePerRequestFilter.java:107)\r\n	at org.apache.catalina.core.ApplicationFilterChain.internalDoFilter(ApplicationFilterChain.java:193)\r\n	at org.apache.catalina.core.ApplicationFilterChain.doFilter(ApplicationFilterChain.java:166)\r\n	at org.springframework.web.filter.CharacterEncodingFilter.doFilterInternal(CharacterEncodingFilter.java:200)\r\n	at org.springframework.web.filter.OncePerRequestFilter.doFilter(OncePerRequestFilter.java:107)\r\n	at org.apache.catalina.core.ApplicationFilterChain.internalDoFilter(ApplicationFilterChain.java:193)\r\n	at org.apache.catalina.core.ApplicationFilterChain.doFilter(ApplicationFilterChain.java:166)\r\n	at org.apache.catalina.core.StandardWrapperValve.invoke(StandardWrapperValve.java:198)\r\n	at org.apache.catalina.core.StandardContextValve.invoke(StandardContextValve.java:96)\r\n	at org.apache.catalina.authenticator.AuthenticatorBase.invoke(AuthenticatorBase.java:496)\r\n	at org.apache.catalina.core.StandardHostValve.invoke(StandardHostValve.java:140)\r\n	at org.apache.catalina.valves.ErrorReportValve.invoke(ErrorReportValve.java:81)\r\n	at org.apache.catalina.core.StandardEngineValve.invoke(StandardEngineValve.java:87)\r\n	at org.apache.catalina.connector.CoyoteAdapter.service(CoyoteAdapter.java:342)\r\n	at org.apache.coyote.http11.Http11Processor.service(Http11Processor.java:803)\r\n	at org.apache.coyote.AbstractProcessorLight.process(AbstractProcessorLight.java:66)\r\n	at org.apache.coyote.AbstractProtocolTConnectionHandler.process(AbstractProtocol.java:790)\r\n	at org.apache.tomcat.util.net.NioEndpointTSocketProcessor.doRun(NioEndpoint.java:1459)\r\n	at org.apache.tomcat.util.net.SocketProcessorBase.run(SocketProcessorBase.java:49)\r\n	at java.util.concurrent.ThreadPoolExecutor.runWorker(Unknown Source)\r\n	at java.util.concurrent.ThreadPoolExecutorTWorker.run(Unknown Source)\r\n	at org.apache.tomcat.util.threads.TaskThreadTWrappingRunnable.run(TaskThread.java:61)\r\n	at java.lang.Thread.run(Unknown Source)\r\n'),
	(612, '异常日志', '', 1, NULL, NULL, '2019-12-18 09:12:04', '失败', 'java.util.ConcurrentModificationException\r\n	at java.util.ArrayListTItr.checkForComodification(Unknown Source)\r\n	at java.util.ArrayListTItr.next(Unknown Source)\r\n	at com.jsnjfz.manage.modular.system.service.impl.CategoryServiceImpl.getCatogrySiteByinfo(CategoryServiceImpl.java:73)\r\n	at com.jsnjfz.manage.modular.system.service.impl.CategoryServiceImplTTFastClassBySpringCGLIBTT5eb912bc.invoke(<generated>)\r\n	at org.springframework.cglib.proxy.MethodProxy.invoke(MethodProxy.java:204)\r\n	at org.springframework.aop.framework.CglibAopProxyTCglibMethodInvocation.invokeJoinpoint(CglibAopProxy.java:747)\r\n	at org.springframework.aop.framework.ReflectiveMethodInvocation.proceed(ReflectiveMethodInvocation.java:163)\r\n	at com.alibaba.druid.support.spring.stat.DruidStatInterceptor.invoke(DruidStatInterceptor.java:72)\r\n	at org.springframework.aop.framework.ReflectiveMethodInvocation.proceed(ReflectiveMethodInvocation.java:185)\r\n	at org.springframework.aop.framework.CglibAopProxyTDynamicAdvisedInterceptor.intercept(CglibAopProxy.java:689)\r\n	at com.jsnjfz.manage.modular.system.service.impl.CategoryServiceImplTTEnhancerBySpringCGLIBTT219669.getCatogrySiteByinfo(<generated>)\r\n	at com.jsnjfz.manage.modular.system.controller.IndexController.s(IndexController.java:62)\r\n	at com.jsnjfz.manage.modular.system.controller.IndexControllerTTFastClassBySpringCGLIBTT78acb316.invoke(<generated>)\r\n	at org.springframework.cglib.proxy.MethodProxy.invoke(MethodProxy.java:204)\r\n	at org.springframework.aop.framework.CglibAopProxyTCglibMethodInvocation.invokeJoinpoint(CglibAopProxy.java:747)\r\n	at org.springframework.aop.framework.ReflectiveMethodInvocation.proceed(ReflectiveMethodInvocation.java:163)\r\n	at org.springframework.aop.aspectj.MethodInvocationProceedingJoinPoint.proceed(MethodInvocationProceedingJoinPoint.java:89)\r\n	at com.jsnjfz.manage.core.interceptor.SessionHolderInterceptor.sessionKit(SessionHolderInterceptor.java:44)\r\n	at sun.reflect.NativeMethodAccessorImpl.invoke0(Native Method)\r\n	at sun.reflect.NativeMethodAccessorImpl.invoke(Unknown Source)\r\n	at sun.reflect.DelegatingMethodAccessorImpl.invoke(Unknown Source)\r\n	at java.lang.reflect.Method.invoke(Unknown Source)\r\n	at org.springframework.aop.aspectj.AbstractAspectJAdvice.invokeAdviceMethodWithGivenArgs(AbstractAspectJAdvice.java:644)\r\n	at org.springframework.aop.aspectj.AbstractAspectJAdvice.invokeAdviceMethod(AbstractAspectJAdvice.java:633)\r\n	at org.springframework.aop.aspectj.AspectJAroundAdvice.invoke(AspectJAroundAdvice.java:70)\r\n	at org.springframework.aop.framework.ReflectiveMethodInvocation.proceed(ReflectiveMethodInvocation.java:185)\r\n	at org.springframework.aop.interceptor.ExposeInvocationInterceptor.invoke(ExposeInvocationInterceptor.java:92)\r\n	at org.springframework.aop.framework.ReflectiveMethodInvocation.proceed(ReflectiveMethodInvocation.java:185)\r\n	at org.springframework.aop.framework.CglibAopProxyTDynamicAdvisedInterceptor.intercept(CglibAopProxy.java:689)\r\n	at com.jsnjfz.manage.modular.system.controller.IndexControllerTTEnhancerBySpringCGLIBTTfd5bfd32.s(<generated>)\r\n	at sun.reflect.NativeMethodAccessorImpl.invoke0(Native Method)\r\n	at sun.reflect.NativeMethodAccessorImpl.invoke(Unknown Source)\r\n	at sun.reflect.DelegatingMethodAccessorImpl.invoke(Unknown Source)\r\n	at java.lang.reflect.Method.invoke(Unknown Source)\r\n	at org.springframework.web.method.support.InvocableHandlerMethod.doInvoke(InvocableHandlerMethod.java:209)\r\n	at org.springframework.web.method.support.InvocableHandlerMethod.invokeForRequest(InvocableHandlerMethod.java:136)\r\n	at org.springframework.web.servlet.mvc.method.annotation.ServletInvocableHandlerMethod.invokeAndHandle(ServletInvocableHandlerMethod.java:102)\r\n	at org.springframework.web.servlet.mvc.method.annotation.RequestMappingHandlerAdapter.invokeHandlerMethod(RequestMappingHandlerAdapter.java:877)\r\n	at org.springframework.web.servlet.mvc.method.annotation.RequestMappingHandlerAdapter.handleInternal(RequestMappingHandlerAdapter.java:783)\r\n	at org.springframework.web.servlet.mvc.method.AbstractHandlerMethodAdapter.handle(AbstractHandlerMethodAdapter.java:87)\r\n	at org.springframework.web.servlet.DispatcherServlet.doDispatch(DispatcherServlet.java:991)\r\n	at org.springframework.web.servlet.DispatcherServlet.doService(DispatcherServlet.java:925)\r\n	at org.springframework.web.servlet.FrameworkServlet.processRequest(FrameworkServlet.java:974)\r\n	at org.springframework.web.servlet.FrameworkServlet.doGet(FrameworkServlet.java:866)\r\n	at javax.servlet.http.HttpServlet.service(HttpServlet.java:635)\r\n	at org.springframework.web.servlet.FrameworkServlet.service(FrameworkServlet.java:851)\r\n	at javax.servlet.http.HttpServlet.service(HttpServlet.java:742)\r\n	at org.apache.catalina.core.ApplicationFilterChain.internalDoFilter(ApplicationFilterChain.java:231)\r\n	at org.apache.catalina.core.ApplicationFilterChain.doFilter(ApplicationFilterChain.java:166)\r\n	at org.apache.tomcat.websocket.server.WsFilter.doFilter(WsFilter.java:52)\r\n	at org.apache.catalina.core.ApplicationFilterChain.internalDoFilter(ApplicationFilterChain.java:193)\r\n	at org.apache.catalina.core.ApplicationFilterChain.doFilter(ApplicationFilterChain.java:166)\r\n	at org.apache.shiro.web.servlet.ProxiedFilterChain.doFilter(ProxiedFilterChain.java:61)\r\n	at org.apache.shiro.web.servlet.AdviceFilter.executeChain(AdviceFilter.java:108)\r\n	at org.apache.shiro.web.servlet.AdviceFilter.doFilterInternal(AdviceFilter.java:137)\r\n	at org.apache.shiro.web.servlet.OncePerRequestFilter.doFilter(OncePerRequestFilter.java:125)\r\n	at org.apache.shiro.web.servlet.ProxiedFilterChain.doFilter(ProxiedFilterChain.java:66)\r\n	at org.apache.shiro.web.servlet.AbstractShiroFilter.executeChain(AbstractShiroFilter.java:449)\r\n	at org.apache.shiro.web.servlet.AbstractShiroFilterT1.call(AbstractShiroFilter.java:365)\r\n	at org.apache.shiro.subject.support.SubjectCallable.doCall(SubjectCallable.java:90)\r\n	at org.apache.shiro.subject.support.SubjectCallable.call(SubjectCallable.java:83)\r\n	at org.apache.shiro.subject.support.DelegatingSubject.execute(DelegatingSubject.java:387)\r\n	at org.apache.shiro.web.servlet.AbstractShiroFilter.doFilterInternal(AbstractShiroFilter.java:362)\r\n	at org.apache.shiro.web.servlet.OncePerRequestFilter.doFilter(OncePerRequestFilter.java:125)\r\n	at org.apache.catalina.core.ApplicationFilterChain.internalDoFilter(ApplicationFilterChain.java:193)\r\n	at org.apache.catalina.core.ApplicationFilterChain.doFilter(ApplicationFilterChain.java:166)\r\n	at cn.stylefeng.roses.core.xss.XssFilter.doFilter(XssFilter.java:31)\r\n	at org.apache.catalina.core.ApplicationFilterChain.internalDoFilter(ApplicationFilterChain.java:193)\r\n	at org.apache.catalina.core.ApplicationFilterChain.doFilter(ApplicationFilterChain.java:166)\r\n	at com.alibaba.druid.support.http.WebStatFilter.doFilter(WebStatFilter.java:123)\r\n	at org.apache.catalina.core.ApplicationFilterChain.internalDoFilter(ApplicationFilterChain.java:193)\r\n	at org.apache.catalina.core.ApplicationFilterChain.doFilter(ApplicationFilterChain.java:166)\r\n	at org.springframework.web.filter.RequestContextFilter.doFilterInternal(RequestContextFilter.java:99)\r\n	at org.springframework.web.filter.OncePerRequestFilter.doFilter(OncePerRequestFilter.java:107)\r\n	at org.apache.catalina.core.ApplicationFilterChain.internalDoFilter(ApplicationFilterChain.java:193)\r\n	at org.apache.catalina.core.ApplicationFilterChain.doFilter(ApplicationFilterChain.java:166)\r\n	at org.springframework.web.filter.HttpPutFormContentFilter.doFilterInternal(HttpPutFormContentFilter.java:109)\r\n	at org.springframework.web.filter.OncePerRequestFilter.doFilter(OncePerRequestFilter.java:107)\r\n	at org.apache.catalina.core.ApplicationFilterChain.internalDoFilter(ApplicationFilterChain.java:193)\r\n	at org.apache.catalina.core.ApplicationFilterChain.doFilter(ApplicationFilterChain.java:166)\r\n	at org.springframework.web.filter.HiddenHttpMethodFilter.doFilterInternal(HiddenHttpMethodFilter.java:81)\r\n	at org.springframework.web.filter.OncePerRequestFilter.doFilter(OncePerRequestFilter.java:107)\r\n	at org.apache.catalina.core.ApplicationFilterChain.internalDoFilter(ApplicationFilterChain.java:193)\r\n	at org.apache.catalina.core.ApplicationFilterChain.doFilter(ApplicationFilterChain.java:166)\r\n	at org.springframework.web.filter.CharacterEncodingFilter.doFilterInternal(CharacterEncodingFilter.java:200)\r\n	at org.springframework.web.filter.OncePerRequestFilter.doFilter(OncePerRequestFilter.java:107)\r\n	at org.apache.catalina.core.ApplicationFilterChain.internalDoFilter(ApplicationFilterChain.java:193)\r\n	at org.apache.catalina.core.ApplicationFilterChain.doFilter(ApplicationFilterChain.java:166)\r\n	at org.apache.catalina.core.StandardWrapperValve.invoke(StandardWrapperValve.java:198)\r\n	at org.apache.catalina.core.StandardContextValve.invoke(StandardContextValve.java:96)\r\n	at org.apache.catalina.authenticator.AuthenticatorBase.invoke(AuthenticatorBase.java:496)\r\n	at org.apache.catalina.core.StandardHostValve.invoke(StandardHostValve.java:140)\r\n	at org.apache.catalina.valves.ErrorReportValve.invoke(ErrorReportValve.java:81)\r\n	at org.apache.catalina.core.StandardEngineValve.invoke(StandardEngineValve.java:87)\r\n	at org.apache.catalina.connector.CoyoteAdapter.service(CoyoteAdapter.java:342)\r\n	at org.apache.coyote.http11.Http11Processor.service(Http11Processor.java:803)\r\n	at org.apache.coyote.AbstractProcessorLight.process(AbstractProcessorLight.java:66)\r\n	at org.apache.coyote.AbstractProtocolTConnectionHandler.process(AbstractProtocol.java:790)\r\n	at org.apache.tomcat.util.net.NioEndpointTSocketProcessor.doRun(NioEndpoint.java:1459)\r\n	at org.apache.tomcat.util.net.SocketProcessorBase.run(SocketProcessorBase.java:49)\r\n	at java.util.concurrent.ThreadPoolExecutor.runWorker(Unknown Source)\r\n	at java.util.concurrent.ThreadPoolExecutorTWorker.run(Unknown Source)\r\n	at org.apache.tomcat.util.threads.TaskThreadTWrappingRunnable.run(TaskThread.java:61)\r\n	at java.lang.Thread.run(Unknown Source)\r\n'),
	(613, '异常日志', '', 1, NULL, NULL, '2019-12-18 09:14:06', '失败', 'java.util.ConcurrentModificationException\r\n	at java.util.ArrayListTItr.checkForComodification(Unknown Source)\r\n	at java.util.ArrayListTItr.next(Unknown Source)\r\n	at com.jsnjfz.manage.modular.system.service.impl.CategoryServiceImpl.getCatogrySiteByinfo(CategoryServiceImpl.java:76)\r\n	at com.jsnjfz.manage.modular.system.service.impl.CategoryServiceImplTTFastClassBySpringCGLIBTT5eb912bc.invoke(<generated>)\r\n	at org.springframework.cglib.proxy.MethodProxy.invoke(MethodProxy.java:204)\r\n	at org.springframework.aop.framework.CglibAopProxyTCglibMethodInvocation.invokeJoinpoint(CglibAopProxy.java:747)\r\n	at org.springframework.aop.framework.ReflectiveMethodInvocation.proceed(ReflectiveMethodInvocation.java:163)\r\n	at com.alibaba.druid.support.spring.stat.DruidStatInterceptor.invoke(DruidStatInterceptor.java:72)\r\n	at org.springframework.aop.framework.ReflectiveMethodInvocation.proceed(ReflectiveMethodInvocation.java:185)\r\n	at org.springframework.aop.framework.CglibAopProxyTDynamicAdvisedInterceptor.intercept(CglibAopProxy.java:689)\r\n	at com.jsnjfz.manage.modular.system.service.impl.CategoryServiceImplTTEnhancerBySpringCGLIBTT219669.getCatogrySiteByinfo(<generated>)\r\n	at com.jsnjfz.manage.modular.system.controller.IndexController.s(IndexController.java:62)\r\n	at com.jsnjfz.manage.modular.system.controller.IndexControllerTTFastClassBySpringCGLIBTT78acb316.invoke(<generated>)\r\n	at org.springframework.cglib.proxy.MethodProxy.invoke(MethodProxy.java:204)\r\n	at org.springframework.aop.framework.CglibAopProxyTCglibMethodInvocation.invokeJoinpoint(CglibAopProxy.java:747)\r\n	at org.springframework.aop.framework.ReflectiveMethodInvocation.proceed(ReflectiveMethodInvocation.java:163)\r\n	at org.springframework.aop.aspectj.MethodInvocationProceedingJoinPoint.proceed(MethodInvocationProceedingJoinPoint.java:89)\r\n	at com.jsnjfz.manage.core.interceptor.SessionHolderInterceptor.sessionKit(SessionHolderInterceptor.java:44)\r\n	at sun.reflect.NativeMethodAccessorImpl.invoke0(Native Method)\r\n	at sun.reflect.NativeMethodAccessorImpl.invoke(Unknown Source)\r\n	at sun.reflect.DelegatingMethodAccessorImpl.invoke(Unknown Source)\r\n	at java.lang.reflect.Method.invoke(Unknown Source)\r\n	at org.springframework.aop.aspectj.AbstractAspectJAdvice.invokeAdviceMethodWithGivenArgs(AbstractAspectJAdvice.java:644)\r\n	at org.springframework.aop.aspectj.AbstractAspectJAdvice.invokeAdviceMethod(AbstractAspectJAdvice.java:633)\r\n	at org.springframework.aop.aspectj.AspectJAroundAdvice.invoke(AspectJAroundAdvice.java:70)\r\n	at org.springframework.aop.framework.ReflectiveMethodInvocation.proceed(ReflectiveMethodInvocation.java:185)\r\n	at org.springframework.aop.interceptor.ExposeInvocationInterceptor.invoke(ExposeInvocationInterceptor.java:92)\r\n	at org.springframework.aop.framework.ReflectiveMethodInvocation.proceed(ReflectiveMethodInvocation.java:185)\r\n	at org.springframework.aop.framework.CglibAopProxyTDynamicAdvisedInterceptor.intercept(CglibAopProxy.java:689)\r\n	at com.jsnjfz.manage.modular.system.controller.IndexControllerTTEnhancerBySpringCGLIBTTfd5bfd32.s(<generated>)\r\n	at sun.reflect.NativeMethodAccessorImpl.invoke0(Native Method)\r\n	at sun.reflect.NativeMethodAccessorImpl.invoke(Unknown Source)\r\n	at sun.reflect.DelegatingMethodAccessorImpl.invoke(Unknown Source)\r\n	at java.lang.reflect.Method.invoke(Unknown Source)\r\n	at org.springframework.web.method.support.InvocableHandlerMethod.doInvoke(InvocableHandlerMethod.java:209)\r\n	at org.springframework.web.method.support.InvocableHandlerMethod.invokeForRequest(InvocableHandlerMethod.java:136)\r\n	at org.springframework.web.servlet.mvc.method.annotation.ServletInvocableHandlerMethod.invokeAndHandle(ServletInvocableHandlerMethod.java:102)\r\n	at org.springframework.web.servlet.mvc.method.annotation.RequestMappingHandlerAdapter.invokeHandlerMethod(RequestMappingHandlerAdapter.java:877)\r\n	at org.springframework.web.servlet.mvc.method.annotation.RequestMappingHandlerAdapter.handleInternal(RequestMappingHandlerAdapter.java:783)\r\n	at org.springframework.web.servlet.mvc.method.AbstractHandlerMethodAdapter.handle(AbstractHandlerMethodAdapter.java:87)\r\n	at org.springframework.web.servlet.DispatcherServlet.doDispatch(DispatcherServlet.java:991)\r\n	at org.springframework.web.servlet.DispatcherServlet.doService(DispatcherServlet.java:925)\r\n	at org.springframework.web.servlet.FrameworkServlet.processRequest(FrameworkServlet.java:974)\r\n	at org.springframework.web.servlet.FrameworkServlet.doGet(FrameworkServlet.java:866)\r\n	at javax.servlet.http.HttpServlet.service(HttpServlet.java:635)\r\n	at org.springframework.web.servlet.FrameworkServlet.service(FrameworkServlet.java:851)\r\n	at javax.servlet.http.HttpServlet.service(HttpServlet.java:742)\r\n	at org.apache.catalina.core.ApplicationFilterChain.internalDoFilter(ApplicationFilterChain.java:231)\r\n	at org.apache.catalina.core.ApplicationFilterChain.doFilter(ApplicationFilterChain.java:166)\r\n	at org.apache.tomcat.websocket.server.WsFilter.doFilter(WsFilter.java:52)\r\n	at org.apache.catalina.core.ApplicationFilterChain.internalDoFilter(ApplicationFilterChain.java:193)\r\n	at org.apache.catalina.core.ApplicationFilterChain.doFilter(ApplicationFilterChain.java:166)\r\n	at org.apache.shiro.web.servlet.ProxiedFilterChain.doFilter(ProxiedFilterChain.java:61)\r\n	at org.apache.shiro.web.servlet.AdviceFilter.executeChain(AdviceFilter.java:108)\r\n	at org.apache.shiro.web.servlet.AdviceFilter.doFilterInternal(AdviceFilter.java:137)\r\n	at org.apache.shiro.web.servlet.OncePerRequestFilter.doFilter(OncePerRequestFilter.java:125)\r\n	at org.apache.shiro.web.servlet.ProxiedFilterChain.doFilter(ProxiedFilterChain.java:66)\r\n	at org.apache.shiro.web.servlet.AbstractShiroFilter.executeChain(AbstractShiroFilter.java:449)\r\n	at org.apache.shiro.web.servlet.AbstractShiroFilterT1.call(AbstractShiroFilter.java:365)\r\n	at org.apache.shiro.subject.support.SubjectCallable.doCall(SubjectCallable.java:90)\r\n	at org.apache.shiro.subject.support.SubjectCallable.call(SubjectCallable.java:83)\r\n	at org.apache.shiro.subject.support.DelegatingSubject.execute(DelegatingSubject.java:387)\r\n	at org.apache.shiro.web.servlet.AbstractShiroFilter.doFilterInternal(AbstractShiroFilter.java:362)\r\n	at org.apache.shiro.web.servlet.OncePerRequestFilter.doFilter(OncePerRequestFilter.java:125)\r\n	at org.apache.catalina.core.ApplicationFilterChain.internalDoFilter(ApplicationFilterChain.java:193)\r\n	at org.apache.catalina.core.ApplicationFilterChain.doFilter(ApplicationFilterChain.java:166)\r\n	at cn.stylefeng.roses.core.xss.XssFilter.doFilter(XssFilter.java:31)\r\n	at org.apache.catalina.core.ApplicationFilterChain.internalDoFilter(ApplicationFilterChain.java:193)\r\n	at org.apache.catalina.core.ApplicationFilterChain.doFilter(ApplicationFilterChain.java:166)\r\n	at com.alibaba.druid.support.http.WebStatFilter.doFilter(WebStatFilter.java:123)\r\n	at org.apache.catalina.core.ApplicationFilterChain.internalDoFilter(ApplicationFilterChain.java:193)\r\n	at org.apache.catalina.core.ApplicationFilterChain.doFilter(ApplicationFilterChain.java:166)\r\n	at org.springframework.web.filter.RequestContextFilter.doFilterInternal(RequestContextFilter.java:99)\r\n	at org.springframework.web.filter.OncePerRequestFilter.doFilter(OncePerRequestFilter.java:107)\r\n	at org.apache.catalina.core.ApplicationFilterChain.internalDoFilter(ApplicationFilterChain.java:193)\r\n	at org.apache.catalina.core.ApplicationFilterChain.doFilter(ApplicationFilterChain.java:166)\r\n	at org.springframework.web.filter.HttpPutFormContentFilter.doFilterInternal(HttpPutFormContentFilter.java:109)\r\n	at org.springframework.web.filter.OncePerRequestFilter.doFilter(OncePerRequestFilter.java:107)\r\n	at org.apache.catalina.core.ApplicationFilterChain.internalDoFilter(ApplicationFilterChain.java:193)\r\n	at org.apache.catalina.core.ApplicationFilterChain.doFilter(ApplicationFilterChain.java:166)\r\n	at org.springframework.web.filter.HiddenHttpMethodFilter.doFilterInternal(HiddenHttpMethodFilter.java:81)\r\n	at org.springframework.web.filter.OncePerRequestFilter.doFilter(OncePerRequestFilter.java:107)\r\n	at org.apache.catalina.core.ApplicationFilterChain.internalDoFilter(ApplicationFilterChain.java:193)\r\n	at org.apache.catalina.core.ApplicationFilterChain.doFilter(ApplicationFilterChain.java:166)\r\n	at org.springframework.web.filter.CharacterEncodingFilter.doFilterInternal(CharacterEncodingFilter.java:200)\r\n	at org.springframework.web.filter.OncePerRequestFilter.doFilter(OncePerRequestFilter.java:107)\r\n	at org.apache.catalina.core.ApplicationFilterChain.internalDoFilter(ApplicationFilterChain.java:193)\r\n	at org.apache.catalina.core.ApplicationFilterChain.doFilter(ApplicationFilterChain.java:166)\r\n	at org.apache.catalina.core.StandardWrapperValve.invoke(StandardWrapperValve.java:198)\r\n	at org.apache.catalina.core.StandardContextValve.invoke(StandardContextValve.java:96)\r\n	at org.apache.catalina.authenticator.AuthenticatorBase.invoke(AuthenticatorBase.java:496)\r\n	at org.apache.catalina.core.StandardHostValve.invoke(StandardHostValve.java:140)\r\n	at org.apache.catalina.valves.ErrorReportValve.invoke(ErrorReportValve.java:81)\r\n	at org.apache.catalina.core.StandardEngineValve.invoke(StandardEngineValve.java:87)\r\n	at org.apache.catalina.connector.CoyoteAdapter.service(CoyoteAdapter.java:342)\r\n	at org.apache.coyote.http11.Http11Processor.service(Http11Processor.java:803)\r\n	at org.apache.coyote.AbstractProcessorLight.process(AbstractProcessorLight.java:66)\r\n	at org.apache.coyote.AbstractProtocolTConnectionHandler.process(AbstractProtocol.java:790)\r\n	at org.apache.tomcat.util.net.NioEndpointTSocketProcessor.doRun(NioEndpoint.java:1459)\r\n	at org.apache.tomcat.util.net.SocketProcessorBase.run(SocketProcessorBase.java:49)\r\n	at java.util.concurrent.ThreadPoolExecutor.runWorker(Unknown Source)\r\n	at java.util.concurrent.ThreadPoolExecutorTWorker.run(Unknown Source)\r\n	at org.apache.tomcat.util.threads.TaskThreadTWrappingRunnable.run(TaskThread.java:61)\r\n	at java.lang.Thread.run(Unknown Source)\r\n'),
	(614, '异常日志', '', 1, NULL, NULL, '2019-12-18 09:19:24', '失败', 'java.util.ConcurrentModificationException\r\n	at java.util.ArrayListTItr.checkForComodification(Unknown Source)\r\n	at java.util.ArrayListTItr.next(Unknown Source)\r\n	at com.jsnjfz.manage.modular.system.service.impl.CategoryServiceImpl.getCatogrySiteByinfo(CategoryServiceImpl.java:76)\r\n	at com.jsnjfz.manage.modular.system.service.impl.CategoryServiceImplTTFastClassBySpringCGLIBTT5eb912bc.invoke(<generated>)\r\n	at org.springframework.cglib.proxy.MethodProxy.invoke(MethodProxy.java:204)\r\n	at org.springframework.aop.framework.CglibAopProxyTCglibMethodInvocation.invokeJoinpoint(CglibAopProxy.java:747)\r\n	at org.springframework.aop.framework.ReflectiveMethodInvocation.proceed(ReflectiveMethodInvocation.java:163)\r\n	at com.alibaba.druid.support.spring.stat.DruidStatInterceptor.invoke(DruidStatInterceptor.java:72)\r\n	at org.springframework.aop.framework.ReflectiveMethodInvocation.proceed(ReflectiveMethodInvocation.java:185)\r\n	at org.springframework.aop.framework.CglibAopProxyTDynamicAdvisedInterceptor.intercept(CglibAopProxy.java:689)\r\n	at com.jsnjfz.manage.modular.system.service.impl.CategoryServiceImplTTEnhancerBySpringCGLIBTT219669.getCatogrySiteByinfo(<generated>)\r\n	at com.jsnjfz.manage.modular.system.controller.IndexController.s(IndexController.java:62)\r\n	at com.jsnjfz.manage.modular.system.controller.IndexControllerTTFastClassBySpringCGLIBTT78acb316.invoke(<generated>)\r\n	at org.springframework.cglib.proxy.MethodProxy.invoke(MethodProxy.java:204)\r\n	at org.springframework.aop.framework.CglibAopProxyTCglibMethodInvocation.invokeJoinpoint(CglibAopProxy.java:747)\r\n	at org.springframework.aop.framework.ReflectiveMethodInvocation.proceed(ReflectiveMethodInvocation.java:163)\r\n	at org.springframework.aop.aspectj.MethodInvocationProceedingJoinPoint.proceed(MethodInvocationProceedingJoinPoint.java:89)\r\n	at com.jsnjfz.manage.core.interceptor.SessionHolderInterceptor.sessionKit(SessionHolderInterceptor.java:44)\r\n	at sun.reflect.NativeMethodAccessorImpl.invoke0(Native Method)\r\n	at sun.reflect.NativeMethodAccessorImpl.invoke(Unknown Source)\r\n	at sun.reflect.DelegatingMethodAccessorImpl.invoke(Unknown Source)\r\n	at java.lang.reflect.Method.invoke(Unknown Source)\r\n	at org.springframework.aop.aspectj.AbstractAspectJAdvice.invokeAdviceMethodWithGivenArgs(AbstractAspectJAdvice.java:644)\r\n	at org.springframework.aop.aspectj.AbstractAspectJAdvice.invokeAdviceMethod(AbstractAspectJAdvice.java:633)\r\n	at org.springframework.aop.aspectj.AspectJAroundAdvice.invoke(AspectJAroundAdvice.java:70)\r\n	at org.springframework.aop.framework.ReflectiveMethodInvocation.proceed(ReflectiveMethodInvocation.java:185)\r\n	at org.springframework.aop.interceptor.ExposeInvocationInterceptor.invoke(ExposeInvocationInterceptor.java:92)\r\n	at org.springframework.aop.framework.ReflectiveMethodInvocation.proceed(ReflectiveMethodInvocation.java:185)\r\n	at org.springframework.aop.framework.CglibAopProxyTDynamicAdvisedInterceptor.intercept(CglibAopProxy.java:689)\r\n	at com.jsnjfz.manage.modular.system.controller.IndexControllerTTEnhancerBySpringCGLIBTTfd5bfd32.s(<generated>)\r\n	at sun.reflect.NativeMethodAccessorImpl.invoke0(Native Method)\r\n	at sun.reflect.NativeMethodAccessorImpl.invoke(Unknown Source)\r\n	at sun.reflect.DelegatingMethodAccessorImpl.invoke(Unknown Source)\r\n	at java.lang.reflect.Method.invoke(Unknown Source)\r\n	at org.springframework.web.method.support.InvocableHandlerMethod.doInvoke(InvocableHandlerMethod.java:209)\r\n	at org.springframework.web.method.support.InvocableHandlerMethod.invokeForRequest(InvocableHandlerMethod.java:136)\r\n	at org.springframework.web.servlet.mvc.method.annotation.ServletInvocableHandlerMethod.invokeAndHandle(ServletInvocableHandlerMethod.java:102)\r\n	at org.springframework.web.servlet.mvc.method.annotation.RequestMappingHandlerAdapter.invokeHandlerMethod(RequestMappingHandlerAdapter.java:877)\r\n	at org.springframework.web.servlet.mvc.method.annotation.RequestMappingHandlerAdapter.handleInternal(RequestMappingHandlerAdapter.java:783)\r\n	at org.springframework.web.servlet.mvc.method.AbstractHandlerMethodAdapter.handle(AbstractHandlerMethodAdapter.java:87)\r\n	at org.springframework.web.servlet.DispatcherServlet.doDispatch(DispatcherServlet.java:991)\r\n	at org.springframework.web.servlet.DispatcherServlet.doService(DispatcherServlet.java:925)\r\n	at org.springframework.web.servlet.FrameworkServlet.processRequest(FrameworkServlet.java:974)\r\n	at org.springframework.web.servlet.FrameworkServlet.doGet(FrameworkServlet.java:866)\r\n	at javax.servlet.http.HttpServlet.service(HttpServlet.java:635)\r\n	at org.springframework.web.servlet.FrameworkServlet.service(FrameworkServlet.java:851)\r\n	at javax.servlet.http.HttpServlet.service(HttpServlet.java:742)\r\n	at org.apache.catalina.core.ApplicationFilterChain.internalDoFilter(ApplicationFilterChain.java:231)\r\n	at org.apache.catalina.core.ApplicationFilterChain.doFilter(ApplicationFilterChain.java:166)\r\n	at org.apache.tomcat.websocket.server.WsFilter.doFilter(WsFilter.java:52)\r\n	at org.apache.catalina.core.ApplicationFilterChain.internalDoFilter(ApplicationFilterChain.java:193)\r\n	at org.apache.catalina.core.ApplicationFilterChain.doFilter(ApplicationFilterChain.java:166)\r\n	at org.apache.shiro.web.servlet.ProxiedFilterChain.doFilter(ProxiedFilterChain.java:61)\r\n	at org.apache.shiro.web.servlet.AdviceFilter.executeChain(AdviceFilter.java:108)\r\n	at org.apache.shiro.web.servlet.AdviceFilter.doFilterInternal(AdviceFilter.java:137)\r\n	at org.apache.shiro.web.servlet.OncePerRequestFilter.doFilter(OncePerRequestFilter.java:125)\r\n	at org.apache.shiro.web.servlet.ProxiedFilterChain.doFilter(ProxiedFilterChain.java:66)\r\n	at org.apache.shiro.web.servlet.AbstractShiroFilter.executeChain(AbstractShiroFilter.java:449)\r\n	at org.apache.shiro.web.servlet.AbstractShiroFilterT1.call(AbstractShiroFilter.java:365)\r\n	at org.apache.shiro.subject.support.SubjectCallable.doCall(SubjectCallable.java:90)\r\n	at org.apache.shiro.subject.support.SubjectCallable.call(SubjectCallable.java:83)\r\n	at org.apache.shiro.subject.support.DelegatingSubject.execute(DelegatingSubject.java:387)\r\n	at org.apache.shiro.web.servlet.AbstractShiroFilter.doFilterInternal(AbstractShiroFilter.java:362)\r\n	at org.apache.shiro.web.servlet.OncePerRequestFilter.doFilter(OncePerRequestFilter.java:125)\r\n	at org.apache.catalina.core.ApplicationFilterChain.internalDoFilter(ApplicationFilterChain.java:193)\r\n	at org.apache.catalina.core.ApplicationFilterChain.doFilter(ApplicationFilterChain.java:166)\r\n	at cn.stylefeng.roses.core.xss.XssFilter.doFilter(XssFilter.java:31)\r\n	at org.apache.catalina.core.ApplicationFilterChain.internalDoFilter(ApplicationFilterChain.java:193)\r\n	at org.apache.catalina.core.ApplicationFilterChain.doFilter(ApplicationFilterChain.java:166)\r\n	at com.alibaba.druid.support.http.WebStatFilter.doFilter(WebStatFilter.java:123)\r\n	at org.apache.catalina.core.ApplicationFilterChain.internalDoFilter(ApplicationFilterChain.java:193)\r\n	at org.apache.catalina.core.ApplicationFilterChain.doFilter(ApplicationFilterChain.java:166)\r\n	at org.springframework.web.filter.RequestContextFilter.doFilterInternal(RequestContextFilter.java:99)\r\n	at org.springframework.web.filter.OncePerRequestFilter.doFilter(OncePerRequestFilter.java:107)\r\n	at org.apache.catalina.core.ApplicationFilterChain.internalDoFilter(ApplicationFilterChain.java:193)\r\n	at org.apache.catalina.core.ApplicationFilterChain.doFilter(ApplicationFilterChain.java:166)\r\n	at org.springframework.web.filter.HttpPutFormContentFilter.doFilterInternal(HttpPutFormContentFilter.java:109)\r\n	at org.springframework.web.filter.OncePerRequestFilter.doFilter(OncePerRequestFilter.java:107)\r\n	at org.apache.catalina.core.ApplicationFilterChain.internalDoFilter(ApplicationFilterChain.java:193)\r\n	at org.apache.catalina.core.ApplicationFilterChain.doFilter(ApplicationFilterChain.java:166)\r\n	at org.springframework.web.filter.HiddenHttpMethodFilter.doFilterInternal(HiddenHttpMethodFilter.java:81)\r\n	at org.springframework.web.filter.OncePerRequestFilter.doFilter(OncePerRequestFilter.java:107)\r\n	at org.apache.catalina.core.ApplicationFilterChain.internalDoFilter(ApplicationFilterChain.java:193)\r\n	at org.apache.catalina.core.ApplicationFilterChain.doFilter(ApplicationFilterChain.java:166)\r\n	at org.springframework.web.filter.CharacterEncodingFilter.doFilterInternal(CharacterEncodingFilter.java:200)\r\n	at org.springframework.web.filter.OncePerRequestFilter.doFilter(OncePerRequestFilter.java:107)\r\n	at org.apache.catalina.core.ApplicationFilterChain.internalDoFilter(ApplicationFilterChain.java:193)\r\n	at org.apache.catalina.core.ApplicationFilterChain.doFilter(ApplicationFilterChain.java:166)\r\n	at org.apache.catalina.core.StandardWrapperValve.invoke(StandardWrapperValve.java:198)\r\n	at org.apache.catalina.core.StandardContextValve.invoke(StandardContextValve.java:96)\r\n	at org.apache.catalina.authenticator.AuthenticatorBase.invoke(AuthenticatorBase.java:496)\r\n	at org.apache.catalina.core.StandardHostValve.invoke(StandardHostValve.java:140)\r\n	at org.apache.catalina.valves.ErrorReportValve.invoke(ErrorReportValve.java:81)\r\n	at org.apache.catalina.core.StandardEngineValve.invoke(StandardEngineValve.java:87)\r\n	at org.apache.catalina.connector.CoyoteAdapter.service(CoyoteAdapter.java:342)\r\n	at org.apache.coyote.http11.Http11Processor.service(Http11Processor.java:803)\r\n	at org.apache.coyote.AbstractProcessorLight.process(AbstractProcessorLight.java:66)\r\n	at org.apache.coyote.AbstractProtocolTConnectionHandler.process(AbstractProtocol.java:790)\r\n	at org.apache.tomcat.util.net.NioEndpointTSocketProcessor.doRun(NioEndpoint.java:1459)\r\n	at org.apache.tomcat.util.net.SocketProcessorBase.run(SocketProcessorBase.java:49)\r\n	at java.util.concurrent.ThreadPoolExecutor.runWorker(Unknown Source)\r\n	at java.util.concurrent.ThreadPoolExecutorTWorker.run(Unknown Source)\r\n	at org.apache.tomcat.util.threads.TaskThreadTWrappingRunnable.run(TaskThread.java:61)\r\n	at java.lang.Thread.run(Unknown Source)\r\n'),
	(615, '异常日志', '', 1, NULL, NULL, '2019-12-18 09:20:27', '失败', 'java.util.ConcurrentModificationException\r\n	at java.util.ArrayListTItr.checkForComodification(Unknown Source)\r\n	at java.util.ArrayListTItr.next(Unknown Source)\r\n	at com.jsnjfz.manage.modular.system.service.impl.CategoryServiceImpl.getCatogrySiteByinfo(CategoryServiceImpl.java:76)\r\n	at com.jsnjfz.manage.modular.system.service.impl.CategoryServiceImplTTFastClassBySpringCGLIBTT5eb912bc.invoke(<generated>)\r\n	at org.springframework.cglib.proxy.MethodProxy.invoke(MethodProxy.java:204)\r\n	at org.springframework.aop.framework.CglibAopProxyTCglibMethodInvocation.invokeJoinpoint(CglibAopProxy.java:747)\r\n	at org.springframework.aop.framework.ReflectiveMethodInvocation.proceed(ReflectiveMethodInvocation.java:163)\r\n	at com.alibaba.druid.support.spring.stat.DruidStatInterceptor.invoke(DruidStatInterceptor.java:72)\r\n	at org.springframework.aop.framework.ReflectiveMethodInvocation.proceed(ReflectiveMethodInvocation.java:185)\r\n	at org.springframework.aop.framework.CglibAopProxyTDynamicAdvisedInterceptor.intercept(CglibAopProxy.java:689)\r\n	at com.jsnjfz.manage.modular.system.service.impl.CategoryServiceImplTTEnhancerBySpringCGLIBTT219669.getCatogrySiteByinfo(<generated>)\r\n	at com.jsnjfz.manage.modular.system.controller.IndexController.s(IndexController.java:62)\r\n	at com.jsnjfz.manage.modular.system.controller.IndexControllerTTFastClassBySpringCGLIBTT78acb316.invoke(<generated>)\r\n	at org.springframework.cglib.proxy.MethodProxy.invoke(MethodProxy.java:204)\r\n	at org.springframework.aop.framework.CglibAopProxyTCglibMethodInvocation.invokeJoinpoint(CglibAopProxy.java:747)\r\n	at org.springframework.aop.framework.ReflectiveMethodInvocation.proceed(ReflectiveMethodInvocation.java:163)\r\n	at org.springframework.aop.aspectj.MethodInvocationProceedingJoinPoint.proceed(MethodInvocationProceedingJoinPoint.java:89)\r\n	at com.jsnjfz.manage.core.interceptor.SessionHolderInterceptor.sessionKit(SessionHolderInterceptor.java:44)\r\n	at sun.reflect.NativeMethodAccessorImpl.invoke0(Native Method)\r\n	at sun.reflect.NativeMethodAccessorImpl.invoke(Unknown Source)\r\n	at sun.reflect.DelegatingMethodAccessorImpl.invoke(Unknown Source)\r\n	at java.lang.reflect.Method.invoke(Unknown Source)\r\n	at org.springframework.aop.aspectj.AbstractAspectJAdvice.invokeAdviceMethodWithGivenArgs(AbstractAspectJAdvice.java:644)\r\n	at org.springframework.aop.aspectj.AbstractAspectJAdvice.invokeAdviceMethod(AbstractAspectJAdvice.java:633)\r\n	at org.springframework.aop.aspectj.AspectJAroundAdvice.invoke(AspectJAroundAdvice.java:70)\r\n	at org.springframework.aop.framework.ReflectiveMethodInvocation.proceed(ReflectiveMethodInvocation.java:185)\r\n	at org.springframework.aop.interceptor.ExposeInvocationInterceptor.invoke(ExposeInvocationInterceptor.java:92)\r\n	at org.springframework.aop.framework.ReflectiveMethodInvocation.proceed(ReflectiveMethodInvocation.java:185)\r\n	at org.springframework.aop.framework.CglibAopProxyTDynamicAdvisedInterceptor.intercept(CglibAopProxy.java:689)\r\n	at com.jsnjfz.manage.modular.system.controller.IndexControllerTTEnhancerBySpringCGLIBTTfd5bfd32.s(<generated>)\r\n	at sun.reflect.NativeMethodAccessorImpl.invoke0(Native Method)\r\n	at sun.reflect.NativeMethodAccessorImpl.invoke(Unknown Source)\r\n	at sun.reflect.DelegatingMethodAccessorImpl.invoke(Unknown Source)\r\n	at java.lang.reflect.Method.invoke(Unknown Source)\r\n	at org.springframework.web.method.support.InvocableHandlerMethod.doInvoke(InvocableHandlerMethod.java:209)\r\n	at org.springframework.web.method.support.InvocableHandlerMethod.invokeForRequest(InvocableHandlerMethod.java:136)\r\n	at org.springframework.web.servlet.mvc.method.annotation.ServletInvocableHandlerMethod.invokeAndHandle(ServletInvocableHandlerMethod.java:102)\r\n	at org.springframework.web.servlet.mvc.method.annotation.RequestMappingHandlerAdapter.invokeHandlerMethod(RequestMappingHandlerAdapter.java:877)\r\n	at org.springframework.web.servlet.mvc.method.annotation.RequestMappingHandlerAdapter.handleInternal(RequestMappingHandlerAdapter.java:783)\r\n	at org.springframework.web.servlet.mvc.method.AbstractHandlerMethodAdapter.handle(AbstractHandlerMethodAdapter.java:87)\r\n	at org.springframework.web.servlet.DispatcherServlet.doDispatch(DispatcherServlet.java:991)\r\n	at org.springframework.web.servlet.DispatcherServlet.doService(DispatcherServlet.java:925)\r\n	at org.springframework.web.servlet.FrameworkServlet.processRequest(FrameworkServlet.java:974)\r\n	at org.springframework.web.servlet.FrameworkServlet.doGet(FrameworkServlet.java:866)\r\n	at javax.servlet.http.HttpServlet.service(HttpServlet.java:635)\r\n	at org.springframework.web.servlet.FrameworkServlet.service(FrameworkServlet.java:851)\r\n	at javax.servlet.http.HttpServlet.service(HttpServlet.java:742)\r\n	at org.apache.catalina.core.ApplicationFilterChain.internalDoFilter(ApplicationFilterChain.java:231)\r\n	at org.apache.catalina.core.ApplicationFilterChain.doFilter(ApplicationFilterChain.java:166)\r\n	at org.apache.tomcat.websocket.server.WsFilter.doFilter(WsFilter.java:52)\r\n	at org.apache.catalina.core.ApplicationFilterChain.internalDoFilter(ApplicationFilterChain.java:193)\r\n	at org.apache.catalina.core.ApplicationFilterChain.doFilter(ApplicationFilterChain.java:166)\r\n	at org.apache.shiro.web.servlet.ProxiedFilterChain.doFilter(ProxiedFilterChain.java:61)\r\n	at org.apache.shiro.web.servlet.AdviceFilter.executeChain(AdviceFilter.java:108)\r\n	at org.apache.shiro.web.servlet.AdviceFilter.doFilterInternal(AdviceFilter.java:137)\r\n	at org.apache.shiro.web.servlet.OncePerRequestFilter.doFilter(OncePerRequestFilter.java:125)\r\n	at org.apache.shiro.web.servlet.ProxiedFilterChain.doFilter(ProxiedFilterChain.java:66)\r\n	at org.apache.shiro.web.servlet.AbstractShiroFilter.executeChain(AbstractShiroFilter.java:449)\r\n	at org.apache.shiro.web.servlet.AbstractShiroFilterT1.call(AbstractShiroFilter.java:365)\r\n	at org.apache.shiro.subject.support.SubjectCallable.doCall(SubjectCallable.java:90)\r\n	at org.apache.shiro.subject.support.SubjectCallable.call(SubjectCallable.java:83)\r\n	at org.apache.shiro.subject.support.DelegatingSubject.execute(DelegatingSubject.java:387)\r\n	at org.apache.shiro.web.servlet.AbstractShiroFilter.doFilterInternal(AbstractShiroFilter.java:362)\r\n	at org.apache.shiro.web.servlet.OncePerRequestFilter.doFilter(OncePerRequestFilter.java:125)\r\n	at org.apache.catalina.core.ApplicationFilterChain.internalDoFilter(ApplicationFilterChain.java:193)\r\n	at org.apache.catalina.core.ApplicationFilterChain.doFilter(ApplicationFilterChain.java:166)\r\n	at cn.stylefeng.roses.core.xss.XssFilter.doFilter(XssFilter.java:31)\r\n	at org.apache.catalina.core.ApplicationFilterChain.internalDoFilter(ApplicationFilterChain.java:193)\r\n	at org.apache.catalina.core.ApplicationFilterChain.doFilter(ApplicationFilterChain.java:166)\r\n	at com.alibaba.druid.support.http.WebStatFilter.doFilter(WebStatFilter.java:123)\r\n	at org.apache.catalina.core.ApplicationFilterChain.internalDoFilter(ApplicationFilterChain.java:193)\r\n	at org.apache.catalina.core.ApplicationFilterChain.doFilter(ApplicationFilterChain.java:166)\r\n	at org.springframework.web.filter.RequestContextFilter.doFilterInternal(RequestContextFilter.java:99)\r\n	at org.springframework.web.filter.OncePerRequestFilter.doFilter(OncePerRequestFilter.java:107)\r\n	at org.apache.catalina.core.ApplicationFilterChain.internalDoFilter(ApplicationFilterChain.java:193)\r\n	at org.apache.catalina.core.ApplicationFilterChain.doFilter(ApplicationFilterChain.java:166)\r\n	at org.springframework.web.filter.HttpPutFormContentFilter.doFilterInternal(HttpPutFormContentFilter.java:109)\r\n	at org.springframework.web.filter.OncePerRequestFilter.doFilter(OncePerRequestFilter.java:107)\r\n	at org.apache.catalina.core.ApplicationFilterChain.internalDoFilter(ApplicationFilterChain.java:193)\r\n	at org.apache.catalina.core.ApplicationFilterChain.doFilter(ApplicationFilterChain.java:166)\r\n	at org.springframework.web.filter.HiddenHttpMethodFilter.doFilterInternal(HiddenHttpMethodFilter.java:81)\r\n	at org.springframework.web.filter.OncePerRequestFilter.doFilter(OncePerRequestFilter.java:107)\r\n	at org.apache.catalina.core.ApplicationFilterChain.internalDoFilter(ApplicationFilterChain.java:193)\r\n	at org.apache.catalina.core.ApplicationFilterChain.doFilter(ApplicationFilterChain.java:166)\r\n	at org.springframework.web.filter.CharacterEncodingFilter.doFilterInternal(CharacterEncodingFilter.java:200)\r\n	at org.springframework.web.filter.OncePerRequestFilter.doFilter(OncePerRequestFilter.java:107)\r\n	at org.apache.catalina.core.ApplicationFilterChain.internalDoFilter(ApplicationFilterChain.java:193)\r\n	at org.apache.catalina.core.ApplicationFilterChain.doFilter(ApplicationFilterChain.java:166)\r\n	at org.apache.catalina.core.StandardWrapperValve.invoke(StandardWrapperValve.java:198)\r\n	at org.apache.catalina.core.StandardContextValve.invoke(StandardContextValve.java:96)\r\n	at org.apache.catalina.authenticator.AuthenticatorBase.invoke(AuthenticatorBase.java:496)\r\n	at org.apache.catalina.core.StandardHostValve.invoke(StandardHostValve.java:140)\r\n	at org.apache.catalina.valves.ErrorReportValve.invoke(ErrorReportValve.java:81)\r\n	at org.apache.catalina.core.StandardEngineValve.invoke(StandardEngineValve.java:87)\r\n	at org.apache.catalina.connector.CoyoteAdapter.service(CoyoteAdapter.java:342)\r\n	at org.apache.coyote.http11.Http11Processor.service(Http11Processor.java:803)\r\n	at org.apache.coyote.AbstractProcessorLight.process(AbstractProcessorLight.java:66)\r\n	at org.apache.coyote.AbstractProtocolTConnectionHandler.process(AbstractProtocol.java:790)\r\n	at org.apache.tomcat.util.net.NioEndpointTSocketProcessor.doRun(NioEndpoint.java:1459)\r\n	at org.apache.tomcat.util.net.SocketProcessorBase.run(SocketProcessorBase.java:49)\r\n	at java.util.concurrent.ThreadPoolExecutor.runWorker(Unknown Source)\r\n	at java.util.concurrent.ThreadPoolExecutorTWorker.run(Unknown Source)\r\n	at org.apache.tomcat.util.threads.TaskThreadTWrappingRunnable.run(TaskThread.java:61)\r\n	at java.lang.Thread.run(Unknown Source)\r\n'),
	(616, '业务日志', '修改管理员', 1, 'com.jsnjfz.manage.modular.system.controller.UserMgrController', 'edit', '2019-12-18 10:03:35', '成功', '账号=admin;;;'),
	(617, '业务日志', '修改管理员', 1, 'com.jsnjfz.manage.modular.system.controller.UserMgrController', 'edit', '2019-12-18 10:03:58', '成功', '账号=admin;;;字段名称:null,旧值:ecfadcde9305f8891bcfe5a1e28c253e,新值:'),
	(618, '业务日志', '修改管理员', 1, 'com.jsnjfz.manage.modular.system.controller.UserMgrController', 'edit', '2019-12-18 10:04:43', '成功', '账号=admin;;;字段名称:null,旧值:ecfadcde9305f8891bcfe5a1e28c253e,新值:'),
	(619, '业务日志', '修改管理员', 1, 'com.jsnjfz.manage.modular.system.controller.UserMgrController', 'edit', '2019-12-18 10:04:56', '成功', '账号=admin;;;字段名称:null,旧值:ecfadcde9305f8891bcfe5a1e28c253e,新值:'),
	(620, '业务日志', '修改管理员', 1, 'com.jsnjfz.manage.modular.system.controller.UserMgrController', 'edit', '2019-12-18 10:06:54', '成功', '账号=admin;;;字段名称:null,旧值:ecfadcde9305f8891bcfe5a1e28c253e,新值:'),
	(621, '业务日志', '修改管理员', 1, 'com.jsnjfz.manage.modular.system.controller.UserMgrController', 'edit', '2019-12-18 10:07:40', '成功', '账号=admin;;;字段名称:头像,旧值:ad02d5f6-e015-43e2-8bf3-eb1cff8fc106.jpg,新值:0301c9a8-43a9-4d8c-a8bf-827a63849922.jpg;;;字段名称:null,旧值:ecfadcde9305f8891bcfe5a1e28c253e,新值:'),
	(622, '业务日志', '修改管理员', 1, 'com.jsnjfz.manage.modular.system.controller.UserMgrController', 'edit', '2019-12-18 10:09:56', '成功', '账号=admin;;;字段名称:头像,旧值:0301c9a8-43a9-4d8c-a8bf-827a63849922.jpg,新值:ef32021f-378d-4de4-93ef-337b4c808b48;;;字段名称:null,旧值:ecfadcde9305f8891bcfe5a1e28c253e,新值:'),
	(623, '业务日志', '修改管理员', 1, 'com.jsnjfz.manage.modular.system.controller.UserMgrController', 'edit', '2019-12-18 10:10:21', '成功', '账号=admin;;;字段名称:null,旧值:ecfadcde9305f8891bcfe5a1e28c253e,新值:;;;字段名称:电子邮件,旧值:jsnjfz@gmail.com,新值:838486863@qq.com'),
	(624, '业务日志', '修改管理员', 1, 'com.jsnjfz.manage.modular.system.controller.UserMgrController', 'edit', '2019-12-18 10:10:28', '成功', '账号=admin;;;字段名称:null,旧值:ecfadcde9305f8891bcfe5a1e28c253e,新值:;;;字段名称:电子邮件,旧值:jsnjfz@gmail.com,新值:838486863@qq.com;;;字段名称:电话,旧值:18200000000,新值:18670306770'),
	(625, '业务日志', '修改管理员', 1, 'com.jsnjfz.manage.modular.system.controller.UserMgrController', 'edit', '2019-12-18 10:38:27', '成功', '账号=admin;;;字段名称:头像,旧值:ef32021f-378d-4de4-93ef-337b4c808b48,新值:images/a78b84b7-c599-47a0-ad58-81ac9b08c2c7.jpg;;;字段名称:null,旧值:ea5b7ad2656bb04fed6ed28bcbc3909e,新值:'),
	(626, '业务日志', '修改管理员', 1, 'com.jsnjfz.manage.modular.system.controller.UserMgrController', 'edit', '2019-12-18 11:03:25', '成功', '账号=admin;;;字段名称:头像,旧值:images/a78b84b7-c599-47a0-ad58-81ac9b08c2c7.jpg,新值:ad817922-2fa6-4a40-9eef-cdeca8856586.jpg;;;字段名称:null,旧值:ea5b7ad2656bb04fed6ed28bcbc3909e,新值:'),
	(627, '异常日志', '', 1, NULL, NULL, '2019-12-18 12:24:40', '失败', 'java.lang.NullPointerException\n	at cn.stylefeng.roses.core.util.ToolUtil.getWebRootPath(ToolUtil.java:281)\n	at cn.stylefeng.guns.generator.modular.factory.DefaultTemplateFactory.getDefaultParams(DefaultTemplateFactory.java:43)\n	at cn.stylefeng.guns.generator.modular.controller.CodeController.blackboard(CodeController.java:40)\n	at sun.reflect.NativeMethodAccessorImpl.invoke0(Native Method)\n	at sun.reflect.NativeMethodAccessorImpl.invoke(NativeMethodAccessorImpl.java:62)\n	at sun.reflect.DelegatingMethodAccessorImpl.invoke(DelegatingMethodAccessorImpl.java:43)\n	at java.lang.reflect.Method.invoke(Method.java:498)\n	at org.springframework.web.method.support.InvocableHandlerMethod.doInvoke(InvocableHandlerMethod.java:209)\n	at org.springframework.web.method.support.InvocableHandlerMethod.invokeForRequest(InvocableHandlerMethod.java:136)\n	at org.springframework.web.servlet.mvc.method.annotation.ServletInvocableHandlerMethod.invokeAndHandle(ServletInvocableHandlerMethod.java:102)\n	at org.springframework.web.servlet.mvc.method.annotation.RequestMappingHandlerAdapter.invokeHandlerMethod(RequestMappingHandlerAdapter.java:877)\n	at org.springframework.web.servlet.mvc.method.annotation.RequestMappingHandlerAdapter.handleInternal(RequestMappingHandlerAdapter.java:783)\n	at org.springframework.web.servlet.mvc.method.AbstractHandlerMethodAdapter.handle(AbstractHandlerMethodAdapter.java:87)\n	at org.springframework.web.servlet.DispatcherServlet.doDispatch(DispatcherServlet.java:991)\n	at org.springframework.web.servlet.DispatcherServlet.doService(DispatcherServlet.java:925)\n	at org.springframework.web.servlet.FrameworkServlet.processRequest(FrameworkServlet.java:974)\n	at org.springframework.web.servlet.FrameworkServlet.doGet(FrameworkServlet.java:866)\n	at javax.servlet.http.HttpServlet.service(HttpServlet.java:635)\n	at org.springframework.web.servlet.FrameworkServlet.service(FrameworkServlet.java:851)\n	at javax.servlet.http.HttpServlet.service(HttpServlet.java:742)\n	at org.apache.catalina.core.ApplicationFilterChain.internalDoFilter(ApplicationFilterChain.java:231)\n	at org.apache.catalina.core.ApplicationFilterChain.doFilter(ApplicationFilterChain.java:166)\n	at org.apache.tomcat.websocket.server.WsFilter.doFilter(WsFilter.java:52)\n	at org.apache.catalina.core.ApplicationFilterChain.internalDoFilter(ApplicationFilterChain.java:193)\n	at org.apache.catalina.core.ApplicationFilterChain.doFilter(ApplicationFilterChain.java:166)\n	at org.apache.shiro.web.servlet.ProxiedFilterChain.doFilter(ProxiedFilterChain.java:61)\n	at org.apache.shiro.web.servlet.AdviceFilter.executeChain(AdviceFilter.java:108)\n	at org.apache.shiro.web.servlet.AdviceFilter.doFilterInternal(AdviceFilter.java:137)\n	at org.apache.shiro.web.servlet.OncePerRequestFilter.doFilter(OncePerRequestFilter.java:125)\n	at org.apache.shiro.web.servlet.ProxiedFilterChain.doFilter(ProxiedFilterChain.java:66)\n	at org.apache.shiro.web.servlet.AbstractShiroFilter.executeChain(AbstractShiroFilter.java:449)\n	at org.apache.shiro.web.servlet.AbstractShiroFilterT1.call(AbstractShiroFilter.java:365)\n	at org.apache.shiro.subject.support.SubjectCallable.doCall(SubjectCallable.java:90)\n	at org.apache.shiro.subject.support.SubjectCallable.call(SubjectCallable.java:83)\n	at org.apache.shiro.subject.support.DelegatingSubject.execute(DelegatingSubject.java:387)\n	at org.apache.shiro.web.servlet.AbstractShiroFilter.doFilterInternal(AbstractShiroFilter.java:362)\n	at org.apache.shiro.web.servlet.OncePerRequestFilter.doFilter(OncePerRequestFilter.java:125)\n	at org.apache.catalina.core.ApplicationFilterChain.internalDoFilter(ApplicationFilterChain.java:193)\n	at org.apache.catalina.core.ApplicationFilterChain.doFilter(ApplicationFilterChain.java:166)\n	at cn.stylefeng.roses.core.xss.XssFilter.doFilter(XssFilter.java:31)\n	at org.apache.catalina.core.ApplicationFilterChain.internalDoFilter(ApplicationFilterChain.java:193)\n	at org.apache.catalina.core.ApplicationFilterChain.doFilter(ApplicationFilterChain.java:166)\n	at com.alibaba.druid.support.http.WebStatFilter.doFilter(WebStatFilter.java:123)\n	at org.apache.catalina.core.ApplicationFilterChain.internalDoFilter(ApplicationFilterChain.java:193)\n	at org.apache.catalina.core.ApplicationFilterChain.doFilter(ApplicationFilterChain.java:166)\n	at org.springframework.web.filter.RequestContextFilter.doFilterInternal(RequestContextFilter.java:99)\n	at org.springframework.web.filter.OncePerRequestFilter.doFilter(OncePerRequestFilter.java:107)\n	at org.apache.catalina.core.ApplicationFilterChain.internalDoFilter(ApplicationFilterChain.java:193)\n	at org.apache.catalina.core.ApplicationFilterChain.doFilter(ApplicationFilterChain.java:166)\n	at org.springframework.web.filter.HttpPutFormContentFilter.doFilterInternal(HttpPutFormContentFilter.java:109)\n	at org.springframework.web.filter.OncePerRequestFilter.doFilter(OncePerRequestFilter.java:107)\n	at org.apache.catalina.core.ApplicationFilterChain.internalDoFilter(ApplicationFilterChain.java:193)\n	at org.apache.catalina.core.ApplicationFilterChain.doFilter(ApplicationFilterChain.java:166)\n	at org.springframework.web.filter.HiddenHttpMethodFilter.doFilterInternal(HiddenHttpMethodFilter.java:81)\n	at org.springframework.web.filter.OncePerRequestFilter.doFilter(OncePerRequestFilter.java:107)\n	at org.apache.catalina.core.ApplicationFilterChain.internalDoFilter(ApplicationFilterChain.java:193)\n	at org.apache.catalina.core.ApplicationFilterChain.doFilter(ApplicationFilterChain.java:166)\n	at org.springframework.web.filter.CharacterEncodingFilter.doFilterInternal(CharacterEncodingFilter.java:200)\n	at org.springframework.web.filter.OncePerRequestFilter.doFilter(OncePerRequestFilter.java:107)\n	at org.apache.catalina.core.ApplicationFilterChain.internalDoFilter(ApplicationFilterChain.java:193)\n	at org.apache.catalina.core.ApplicationFilterChain.doFilter(ApplicationFilterChain.java:166)\n	at org.apache.catalina.core.StandardWrapperValve.invoke(StandardWrapperValve.java:198)\n	at org.apache.catalina.core.StandardContextValve.invoke(StandardContextValve.java:96)\n	at org.apache.catalina.authenticator.AuthenticatorBase.invoke(AuthenticatorBase.java:496)\n	at org.apache.catalina.core.StandardHostValve.invoke(StandardHostValve.java:140)\n	at org.apache.catalina.valves.ErrorReportValve.invoke(ErrorReportValve.java:81)\n	at org.apache.catalina.core.StandardEngineValve.invoke(StandardEngineValve.java:87)\n	at org.apache.catalina.connector.CoyoteAdapter.service(CoyoteAdapter.java:342)\n	at org.apache.coyote.http11.Http11Processor.service(Http11Processor.java:803)\n	at org.apache.coyote.AbstractProcessorLight.process(AbstractProcessorLight.java:66)\n	at org.apache.coyote.AbstractProtocolTConnectionHandler.process(AbstractProtocol.java:790)\n	at org.apache.tomcat.util.net.NioEndpointTSocketProcessor.doRun(NioEndpoint.java:1459)\n	at org.apache.tomcat.util.net.SocketProcessorBase.run(SocketProcessorBase.java:49)\n	at java.util.concurrent.ThreadPoolExecutor.runWorker(ThreadPoolExecutor.java:1149)\n	at java.util.concurrent.ThreadPoolExecutorTWorker.run(ThreadPoolExecutor.java:624)\n	at org.apache.tomcat.util.threads.TaskThreadTWrappingRunnable.run(TaskThread.java:61)\n	at java.lang.Thread.run(Thread.java:748)\n'),
	(628, '异常日志', '', 1, NULL, NULL, '2019-12-19 09:28:40', '失败', 'java.lang.NullPointerException\n	at cn.stylefeng.roses.core.util.ToolUtil.getWebRootPath(ToolUtil.java:281)\n	at cn.stylefeng.guns.generator.modular.factory.DefaultTemplateFactory.getDefaultParams(DefaultTemplateFactory.java:43)\n	at cn.stylefeng.guns.generator.modular.controller.CodeController.blackboard(CodeController.java:40)\n	at sun.reflect.NativeMethodAccessorImpl.invoke0(Native Method)\n	at sun.reflect.NativeMethodAccessorImpl.invoke(NativeMethodAccessorImpl.java:62)\n	at sun.reflect.DelegatingMethodAccessorImpl.invoke(DelegatingMethodAccessorImpl.java:43)\n	at java.lang.reflect.Method.invoke(Method.java:498)\n	at org.springframework.web.method.support.InvocableHandlerMethod.doInvoke(InvocableHandlerMethod.java:209)\n	at org.springframework.web.method.support.InvocableHandlerMethod.invokeForRequest(InvocableHandlerMethod.java:136)\n	at org.springframework.web.servlet.mvc.method.annotation.ServletInvocableHandlerMethod.invokeAndHandle(ServletInvocableHandlerMethod.java:102)\n	at org.springframework.web.servlet.mvc.method.annotation.RequestMappingHandlerAdapter.invokeHandlerMethod(RequestMappingHandlerAdapter.java:877)\n	at org.springframework.web.servlet.mvc.method.annotation.RequestMappingHandlerAdapter.handleInternal(RequestMappingHandlerAdapter.java:783)\n	at org.springframework.web.servlet.mvc.method.AbstractHandlerMethodAdapter.handle(AbstractHandlerMethodAdapter.java:87)\n	at org.springframework.web.servlet.DispatcherServlet.doDispatch(DispatcherServlet.java:991)\n	at org.springframework.web.servlet.DispatcherServlet.doService(DispatcherServlet.java:925)\n	at org.springframework.web.servlet.FrameworkServlet.processRequest(FrameworkServlet.java:974)\n	at org.springframework.web.servlet.FrameworkServlet.doGet(FrameworkServlet.java:866)\n	at javax.servlet.http.HttpServlet.service(HttpServlet.java:635)\n	at org.springframework.web.servlet.FrameworkServlet.service(FrameworkServlet.java:851)\n	at javax.servlet.http.HttpServlet.service(HttpServlet.java:742)\n	at org.apache.catalina.core.ApplicationFilterChain.internalDoFilter(ApplicationFilterChain.java:231)\n	at org.apache.catalina.core.ApplicationFilterChain.doFilter(ApplicationFilterChain.java:166)\n	at org.apache.tomcat.websocket.server.WsFilter.doFilter(WsFilter.java:52)\n	at org.apache.catalina.core.ApplicationFilterChain.internalDoFilter(ApplicationFilterChain.java:193)\n	at org.apache.catalina.core.ApplicationFilterChain.doFilter(ApplicationFilterChain.java:166)\n	at org.apache.shiro.web.servlet.ProxiedFilterChain.doFilter(ProxiedFilterChain.java:61)\n	at org.apache.shiro.web.servlet.AdviceFilter.executeChain(AdviceFilter.java:108)\n	at org.apache.shiro.web.servlet.AdviceFilter.doFilterInternal(AdviceFilter.java:137)\n	at org.apache.shiro.web.servlet.OncePerRequestFilter.doFilter(OncePerRequestFilter.java:125)\n	at org.apache.shiro.web.servlet.ProxiedFilterChain.doFilter(ProxiedFilterChain.java:66)\n	at org.apache.shiro.web.servlet.AbstractShiroFilter.executeChain(AbstractShiroFilter.java:449)\n	at org.apache.shiro.web.servlet.AbstractShiroFilterT1.call(AbstractShiroFilter.java:365)\n	at org.apache.shiro.subject.support.SubjectCallable.doCall(SubjectCallable.java:90)\n	at org.apache.shiro.subject.support.SubjectCallable.call(SubjectCallable.java:83)\n	at org.apache.shiro.subject.support.DelegatingSubject.execute(DelegatingSubject.java:387)\n	at org.apache.shiro.web.servlet.AbstractShiroFilter.doFilterInternal(AbstractShiroFilter.java:362)\n	at org.apache.shiro.web.servlet.OncePerRequestFilter.doFilter(OncePerRequestFilter.java:125)\n	at org.apache.catalina.core.ApplicationFilterChain.internalDoFilter(ApplicationFilterChain.java:193)\n	at org.apache.catalina.core.ApplicationFilterChain.doFilter(ApplicationFilterChain.java:166)\n	at cn.stylefeng.roses.core.xss.XssFilter.doFilter(XssFilter.java:31)\n	at org.apache.catalina.core.ApplicationFilterChain.internalDoFilter(ApplicationFilterChain.java:193)\n	at org.apache.catalina.core.ApplicationFilterChain.doFilter(ApplicationFilterChain.java:166)\n	at com.alibaba.druid.support.http.WebStatFilter.doFilter(WebStatFilter.java:123)\n	at org.apache.catalina.core.ApplicationFilterChain.internalDoFilter(ApplicationFilterChain.java:193)\n	at org.apache.catalina.core.ApplicationFilterChain.doFilter(ApplicationFilterChain.java:166)\n	at org.springframework.web.filter.RequestContextFilter.doFilterInternal(RequestContextFilter.java:99)\n	at org.springframework.web.filter.OncePerRequestFilter.doFilter(OncePerRequestFilter.java:107)\n	at org.apache.catalina.core.ApplicationFilterChain.internalDoFilter(ApplicationFilterChain.java:193)\n	at org.apache.catalina.core.ApplicationFilterChain.doFilter(ApplicationFilterChain.java:166)\n	at org.springframework.web.filter.HttpPutFormContentFilter.doFilterInternal(HttpPutFormContentFilter.java:109)\n	at org.springframework.web.filter.OncePerRequestFilter.doFilter(OncePerRequestFilter.java:107)\n	at org.apache.catalina.core.ApplicationFilterChain.internalDoFilter(ApplicationFilterChain.java:193)\n	at org.apache.catalina.core.ApplicationFilterChain.doFilter(ApplicationFilterChain.java:166)\n	at org.springframework.web.filter.HiddenHttpMethodFilter.doFilterInternal(HiddenHttpMethodFilter.java:81)\n	at org.springframework.web.filter.OncePerRequestFilter.doFilter(OncePerRequestFilter.java:107)\n	at org.apache.catalina.core.ApplicationFilterChain.internalDoFilter(ApplicationFilterChain.java:193)\n	at org.apache.catalina.core.ApplicationFilterChain.doFilter(ApplicationFilterChain.java:166)\n	at org.springframework.web.filter.CharacterEncodingFilter.doFilterInternal(CharacterEncodingFilter.java:200)\n	at org.springframework.web.filter.OncePerRequestFilter.doFilter(OncePerRequestFilter.java:107)\n	at org.apache.catalina.core.ApplicationFilterChain.internalDoFilter(ApplicationFilterChain.java:193)\n	at org.apache.catalina.core.ApplicationFilterChain.doFilter(ApplicationFilterChain.java:166)\n	at org.apache.catalina.core.StandardWrapperValve.invoke(StandardWrapperValve.java:198)\n	at org.apache.catalina.core.StandardContextValve.invoke(StandardContextValve.java:96)\n	at org.apache.catalina.authenticator.AuthenticatorBase.invoke(AuthenticatorBase.java:496)\n	at org.apache.catalina.core.StandardHostValve.invoke(StandardHostValve.java:140)\n	at org.apache.catalina.valves.ErrorReportValve.invoke(ErrorReportValve.java:81)\n	at org.apache.catalina.core.StandardEngineValve.invoke(StandardEngineValve.java:87)\n	at org.apache.catalina.connector.CoyoteAdapter.service(CoyoteAdapter.java:342)\n	at org.apache.coyote.http11.Http11Processor.service(Http11Processor.java:803)\n	at org.apache.coyote.AbstractProcessorLight.process(AbstractProcessorLight.java:66)\n	at org.apache.coyote.AbstractProtocolTConnectionHandler.process(AbstractProtocol.java:790)\n	at org.apache.tomcat.util.net.NioEndpointTSocketProcessor.doRun(NioEndpoint.java:1459)\n	at org.apache.tomcat.util.net.SocketProcessorBase.run(SocketProcessorBase.java:49)\n	at java.util.concurrent.ThreadPoolExecutor.runWorker(ThreadPoolExecutor.java:1149)\n	at java.util.concurrent.ThreadPoolExecutorTWorker.run(ThreadPoolExecutor.java:624)\n	at org.apache.tomcat.util.threads.TaskThreadTWrappingRunnable.run(TaskThread.java:61)\n	at java.lang.Thread.run(Thread.java:748)\n'),
	(629, '业务日志', '修改管理员', 1, 'com.jsnjfz.manage.modular.system.controller.UserMgrController', 'edit', '2019-12-19 14:03:19', '成功', '账号=admin;;;字段名称:头像,旧值:ad817922-2fa6-4a40-9eef-cdeca8856586.jpg,新值:0c8d1d57-5464-49bd-becb-9025a28e5a72.jpg;;;字段名称:null,旧值:ea5b7ad2656bb04fed6ed28bcbc3909e,新值:'),
	(630, '异常日志', '', 1, NULL, NULL, '2019-12-19 20:15:12', '失败', 'java.lang.NullPointerException\n	at cn.stylefeng.roses.core.util.ToolUtil.getWebRootPath(ToolUtil.java:281)\n	at cn.stylefeng.guns.generator.modular.factory.DefaultTemplateFactory.getDefaultParams(DefaultTemplateFactory.java:43)\n	at cn.stylefeng.guns.generator.modular.controller.CodeController.blackboard(CodeController.java:40)\n	at sun.reflect.NativeMethodAccessorImpl.invoke0(Native Method)\n	at sun.reflect.NativeMethodAccessorImpl.invoke(NativeMethodAccessorImpl.java:62)\n	at sun.reflect.DelegatingMethodAccessorImpl.invoke(DelegatingMethodAccessorImpl.java:43)\n	at java.lang.reflect.Method.invoke(Method.java:498)\n	at org.springframework.web.method.support.InvocableHandlerMethod.doInvoke(InvocableHandlerMethod.java:209)\n	at org.springframework.web.method.support.InvocableHandlerMethod.invokeForRequest(InvocableHandlerMethod.java:136)\n	at org.springframework.web.servlet.mvc.method.annotation.ServletInvocableHandlerMethod.invokeAndHandle(ServletInvocableHandlerMethod.java:102)\n	at org.springframework.web.servlet.mvc.method.annotation.RequestMappingHandlerAdapter.invokeHandlerMethod(RequestMappingHandlerAdapter.java:877)\n	at org.springframework.web.servlet.mvc.method.annotation.RequestMappingHandlerAdapter.handleInternal(RequestMappingHandlerAdapter.java:783)\n	at org.springframework.web.servlet.mvc.method.AbstractHandlerMethodAdapter.handle(AbstractHandlerMethodAdapter.java:87)\n	at org.springframework.web.servlet.DispatcherServlet.doDispatch(DispatcherServlet.java:991)\n	at org.springframework.web.servlet.DispatcherServlet.doService(DispatcherServlet.java:925)\n	at org.springframework.web.servlet.FrameworkServlet.processRequest(FrameworkServlet.java:974)\n	at org.springframework.web.servlet.FrameworkServlet.doGet(FrameworkServlet.java:866)\n	at javax.servlet.http.HttpServlet.service(HttpServlet.java:635)\n	at org.springframework.web.servlet.FrameworkServlet.service(FrameworkServlet.java:851)\n	at javax.servlet.http.HttpServlet.service(HttpServlet.java:742)\n	at org.apache.catalina.core.ApplicationFilterChain.internalDoFilter(ApplicationFilterChain.java:231)\n	at org.apache.catalina.core.ApplicationFilterChain.doFilter(ApplicationFilterChain.java:166)\n	at org.apache.tomcat.websocket.server.WsFilter.doFilter(WsFilter.java:52)\n	at org.apache.catalina.core.ApplicationFilterChain.internalDoFilter(ApplicationFilterChain.java:193)\n	at org.apache.catalina.core.ApplicationFilterChain.doFilter(ApplicationFilterChain.java:166)\n	at org.apache.shiro.web.servlet.ProxiedFilterChain.doFilter(ProxiedFilterChain.java:61)\n	at org.apache.shiro.web.servlet.AdviceFilter.executeChain(AdviceFilter.java:108)\n	at org.apache.shiro.web.servlet.AdviceFilter.doFilterInternal(AdviceFilter.java:137)\n	at org.apache.shiro.web.servlet.OncePerRequestFilter.doFilter(OncePerRequestFilter.java:125)\n	at org.apache.shiro.web.servlet.ProxiedFilterChain.doFilter(ProxiedFilterChain.java:66)\n	at org.apache.shiro.web.servlet.AbstractShiroFilter.executeChain(AbstractShiroFilter.java:449)\n	at org.apache.shiro.web.servlet.AbstractShiroFilterT1.call(AbstractShiroFilter.java:365)\n	at org.apache.shiro.subject.support.SubjectCallable.doCall(SubjectCallable.java:90)\n	at org.apache.shiro.subject.support.SubjectCallable.call(SubjectCallable.java:83)\n	at org.apache.shiro.subject.support.DelegatingSubject.execute(DelegatingSubject.java:387)\n	at org.apache.shiro.web.servlet.AbstractShiroFilter.doFilterInternal(AbstractShiroFilter.java:362)\n	at org.apache.shiro.web.servlet.OncePerRequestFilter.doFilter(OncePerRequestFilter.java:125)\n	at org.apache.catalina.core.ApplicationFilterChain.internalDoFilter(ApplicationFilterChain.java:193)\n	at org.apache.catalina.core.ApplicationFilterChain.doFilter(ApplicationFilterChain.java:166)\n	at cn.stylefeng.roses.core.xss.XssFilter.doFilter(XssFilter.java:31)\n	at org.apache.catalina.core.ApplicationFilterChain.internalDoFilter(ApplicationFilterChain.java:193)\n	at org.apache.catalina.core.ApplicationFilterChain.doFilter(ApplicationFilterChain.java:166)\n	at com.alibaba.druid.support.http.WebStatFilter.doFilter(WebStatFilter.java:123)\n	at org.apache.catalina.core.ApplicationFilterChain.internalDoFilter(ApplicationFilterChain.java:193)\n	at org.apache.catalina.core.ApplicationFilterChain.doFilter(ApplicationFilterChain.java:166)\n	at org.springframework.web.filter.RequestContextFilter.doFilterInternal(RequestContextFilter.java:99)\n	at org.springframework.web.filter.OncePerRequestFilter.doFilter(OncePerRequestFilter.java:107)\n	at org.apache.catalina.core.ApplicationFilterChain.internalDoFilter(ApplicationFilterChain.java:193)\n	at org.apache.catalina.core.ApplicationFilterChain.doFilter(ApplicationFilterChain.java:166)\n	at org.springframework.web.filter.HttpPutFormContentFilter.doFilterInternal(HttpPutFormContentFilter.java:109)\n	at org.springframework.web.filter.OncePerRequestFilter.doFilter(OncePerRequestFilter.java:107)\n	at org.apache.catalina.core.ApplicationFilterChain.internalDoFilter(ApplicationFilterChain.java:193)\n	at org.apache.catalina.core.ApplicationFilterChain.doFilter(ApplicationFilterChain.java:166)\n	at org.springframework.web.filter.HiddenHttpMethodFilter.doFilterInternal(HiddenHttpMethodFilter.java:81)\n	at org.springframework.web.filter.OncePerRequestFilter.doFilter(OncePerRequestFilter.java:107)\n	at org.apache.catalina.core.ApplicationFilterChain.internalDoFilter(ApplicationFilterChain.java:193)\n	at org.apache.catalina.core.ApplicationFilterChain.doFilter(ApplicationFilterChain.java:166)\n	at org.springframework.web.filter.CharacterEncodingFilter.doFilterInternal(CharacterEncodingFilter.java:200)\n	at org.springframework.web.filter.OncePerRequestFilter.doFilter(OncePerRequestFilter.java:107)\n	at org.apache.catalina.core.ApplicationFilterChain.internalDoFilter(ApplicationFilterChain.java:193)\n	at org.apache.catalina.core.ApplicationFilterChain.doFilter(ApplicationFilterChain.java:166)\n	at org.apache.catalina.core.StandardWrapperValve.invoke(StandardWrapperValve.java:198)\n	at org.apache.catalina.core.StandardContextValve.invoke(StandardContextValve.java:96)\n	at org.apache.catalina.authenticator.AuthenticatorBase.invoke(AuthenticatorBase.java:496)\n	at org.apache.catalina.core.StandardHostValve.invoke(StandardHostValve.java:140)\n	at org.apache.catalina.valves.ErrorReportValve.invoke(ErrorReportValve.java:81)\n	at org.apache.catalina.core.StandardEngineValve.invoke(StandardEngineValve.java:87)\n	at org.apache.catalina.connector.CoyoteAdapter.service(CoyoteAdapter.java:342)\n	at org.apache.coyote.http11.Http11Processor.service(Http11Processor.java:803)\n	at org.apache.coyote.AbstractProcessorLight.process(AbstractProcessorLight.java:66)\n	at org.apache.coyote.AbstractProtocolTConnectionHandler.process(AbstractProtocol.java:790)\n	at org.apache.tomcat.util.net.NioEndpointTSocketProcessor.doRun(NioEndpoint.java:1459)\n	at org.apache.tomcat.util.net.SocketProcessorBase.run(SocketProcessorBase.java:49)\n	at java.util.concurrent.ThreadPoolExecutor.runWorker(ThreadPoolExecutor.java:1149)\n	at java.util.concurrent.ThreadPoolExecutorTWorker.run(ThreadPoolExecutor.java:624)\n	at org.apache.tomcat.util.threads.TaskThreadTWrappingRunnable.run(TaskThread.java:61)\n	at java.lang.Thread.run(Thread.java:748)\n'),
	(631, '异常日志', '', 1, NULL, NULL, '2019-12-19 20:15:15', '失败', 'java.lang.NullPointerException\n	at cn.stylefeng.roses.core.util.ToolUtil.getWebRootPath(ToolUtil.java:281)\n	at cn.stylefeng.guns.generator.modular.factory.DefaultTemplateFactory.getDefaultParams(DefaultTemplateFactory.java:43)\n	at cn.stylefeng.guns.generator.modular.controller.CodeController.blackboard(CodeController.java:40)\n	at sun.reflect.NativeMethodAccessorImpl.invoke0(Native Method)\n	at sun.reflect.NativeMethodAccessorImpl.invoke(NativeMethodAccessorImpl.java:62)\n	at sun.reflect.DelegatingMethodAccessorImpl.invoke(DelegatingMethodAccessorImpl.java:43)\n	at java.lang.reflect.Method.invoke(Method.java:498)\n	at org.springframework.web.method.support.InvocableHandlerMethod.doInvoke(InvocableHandlerMethod.java:209)\n	at org.springframework.web.method.support.InvocableHandlerMethod.invokeForRequest(InvocableHandlerMethod.java:136)\n	at org.springframework.web.servlet.mvc.method.annotation.ServletInvocableHandlerMethod.invokeAndHandle(ServletInvocableHandlerMethod.java:102)\n	at org.springframework.web.servlet.mvc.method.annotation.RequestMappingHandlerAdapter.invokeHandlerMethod(RequestMappingHandlerAdapter.java:877)\n	at org.springframework.web.servlet.mvc.method.annotation.RequestMappingHandlerAdapter.handleInternal(RequestMappingHandlerAdapter.java:783)\n	at org.springframework.web.servlet.mvc.method.AbstractHandlerMethodAdapter.handle(AbstractHandlerMethodAdapter.java:87)\n	at org.springframework.web.servlet.DispatcherServlet.doDispatch(DispatcherServlet.java:991)\n	at org.springframework.web.servlet.DispatcherServlet.doService(DispatcherServlet.java:925)\n	at org.springframework.web.servlet.FrameworkServlet.processRequest(FrameworkServlet.java:974)\n	at org.springframework.web.servlet.FrameworkServlet.doGet(FrameworkServlet.java:866)\n	at javax.servlet.http.HttpServlet.service(HttpServlet.java:635)\n	at org.springframework.web.servlet.FrameworkServlet.service(FrameworkServlet.java:851)\n	at javax.servlet.http.HttpServlet.service(HttpServlet.java:742)\n	at org.apache.catalina.core.ApplicationFilterChain.internalDoFilter(ApplicationFilterChain.java:231)\n	at org.apache.catalina.core.ApplicationFilterChain.doFilter(ApplicationFilterChain.java:166)\n	at org.apache.tomcat.websocket.server.WsFilter.doFilter(WsFilter.java:52)\n	at org.apache.catalina.core.ApplicationFilterChain.internalDoFilter(ApplicationFilterChain.java:193)\n	at org.apache.catalina.core.ApplicationFilterChain.doFilter(ApplicationFilterChain.java:166)\n	at org.apache.shiro.web.servlet.ProxiedFilterChain.doFilter(ProxiedFilterChain.java:61)\n	at org.apache.shiro.web.servlet.AdviceFilter.executeChain(AdviceFilter.java:108)\n	at org.apache.shiro.web.servlet.AdviceFilter.doFilterInternal(AdviceFilter.java:137)\n	at org.apache.shiro.web.servlet.OncePerRequestFilter.doFilter(OncePerRequestFilter.java:125)\n	at org.apache.shiro.web.servlet.ProxiedFilterChain.doFilter(ProxiedFilterChain.java:66)\n	at org.apache.shiro.web.servlet.AbstractShiroFilter.executeChain(AbstractShiroFilter.java:449)\n	at org.apache.shiro.web.servlet.AbstractShiroFilterT1.call(AbstractShiroFilter.java:365)\n	at org.apache.shiro.subject.support.SubjectCallable.doCall(SubjectCallable.java:90)\n	at org.apache.shiro.subject.support.SubjectCallable.call(SubjectCallable.java:83)\n	at org.apache.shiro.subject.support.DelegatingSubject.execute(DelegatingSubject.java:387)\n	at org.apache.shiro.web.servlet.AbstractShiroFilter.doFilterInternal(AbstractShiroFilter.java:362)\n	at org.apache.shiro.web.servlet.OncePerRequestFilter.doFilter(OncePerRequestFilter.java:125)\n	at org.apache.catalina.core.ApplicationFilterChain.internalDoFilter(ApplicationFilterChain.java:193)\n	at org.apache.catalina.core.ApplicationFilterChain.doFilter(ApplicationFilterChain.java:166)\n	at cn.stylefeng.roses.core.xss.XssFilter.doFilter(XssFilter.java:31)\n	at org.apache.catalina.core.ApplicationFilterChain.internalDoFilter(ApplicationFilterChain.java:193)\n	at org.apache.catalina.core.ApplicationFilterChain.doFilter(ApplicationFilterChain.java:166)\n	at com.alibaba.druid.support.http.WebStatFilter.doFilter(WebStatFilter.java:123)\n	at org.apache.catalina.core.ApplicationFilterChain.internalDoFilter(ApplicationFilterChain.java:193)\n	at org.apache.catalina.core.ApplicationFilterChain.doFilter(ApplicationFilterChain.java:166)\n	at org.springframework.web.filter.RequestContextFilter.doFilterInternal(RequestContextFilter.java:99)\n	at org.springframework.web.filter.OncePerRequestFilter.doFilter(OncePerRequestFilter.java:107)\n	at org.apache.catalina.core.ApplicationFilterChain.internalDoFilter(ApplicationFilterChain.java:193)\n	at org.apache.catalina.core.ApplicationFilterChain.doFilter(ApplicationFilterChain.java:166)\n	at org.springframework.web.filter.HttpPutFormContentFilter.doFilterInternal(HttpPutFormContentFilter.java:109)\n	at org.springframework.web.filter.OncePerRequestFilter.doFilter(OncePerRequestFilter.java:107)\n	at org.apache.catalina.core.ApplicationFilterChain.internalDoFilter(ApplicationFilterChain.java:193)\n	at org.apache.catalina.core.ApplicationFilterChain.doFilter(ApplicationFilterChain.java:166)\n	at org.springframework.web.filter.HiddenHttpMethodFilter.doFilterInternal(HiddenHttpMethodFilter.java:81)\n	at org.springframework.web.filter.OncePerRequestFilter.doFilter(OncePerRequestFilter.java:107)\n	at org.apache.catalina.core.ApplicationFilterChain.internalDoFilter(ApplicationFilterChain.java:193)\n	at org.apache.catalina.core.ApplicationFilterChain.doFilter(ApplicationFilterChain.java:166)\n	at org.springframework.web.filter.CharacterEncodingFilter.doFilterInternal(CharacterEncodingFilter.java:200)\n	at org.springframework.web.filter.OncePerRequestFilter.doFilter(OncePerRequestFilter.java:107)\n	at org.apache.catalina.core.ApplicationFilterChain.internalDoFilter(ApplicationFilterChain.java:193)\n	at org.apache.catalina.core.ApplicationFilterChain.doFilter(ApplicationFilterChain.java:166)\n	at org.apache.catalina.core.StandardWrapperValve.invoke(StandardWrapperValve.java:198)\n	at org.apache.catalina.core.StandardContextValve.invoke(StandardContextValve.java:96)\n	at org.apache.catalina.authenticator.AuthenticatorBase.invoke(AuthenticatorBase.java:496)\n	at org.apache.catalina.core.StandardHostValve.invoke(StandardHostValve.java:140)\n	at org.apache.catalina.valves.ErrorReportValve.invoke(ErrorReportValve.java:81)\n	at org.apache.catalina.core.StandardEngineValve.invoke(StandardEngineValve.java:87)\n	at org.apache.catalina.connector.CoyoteAdapter.service(CoyoteAdapter.java:342)\n	at org.apache.coyote.http11.Http11Processor.service(Http11Processor.java:803)\n	at org.apache.coyote.AbstractProcessorLight.process(AbstractProcessorLight.java:66)\n	at org.apache.coyote.AbstractProtocolTConnectionHandler.process(AbstractProtocol.java:790)\n	at org.apache.tomcat.util.net.NioEndpointTSocketProcessor.doRun(NioEndpoint.java:1459)\n	at org.apache.tomcat.util.net.SocketProcessorBase.run(SocketProcessorBase.java:49)\n	at java.util.concurrent.ThreadPoolExecutor.runWorker(ThreadPoolExecutor.java:1149)\n	at java.util.concurrent.ThreadPoolExecutorTWorker.run(ThreadPoolExecutor.java:624)\n	at org.apache.tomcat.util.threads.TaskThreadTWrappingRunnable.run(TaskThread.java:61)\n	at java.lang.Thread.run(Thread.java:748)\n'),
	(632, '业务日志', '添加管理员', 1, 'com.jsnjfz.manage.modular.system.controller.UserMgrController', 'add', '2019-12-20 17:22:57', '成功', '账号=qqq'),
	(633, '业务日志', '配置权限', 1, 'com.jsnjfz.manage.modular.system.controller.RoleController', 'setAuthority', '2019-12-20 17:23:58', '成功', '角色名称=临时,资源名称=分类管理,网站管理'),
	(634, '业务日志', '分配角色', 1, 'com.jsnjfz.manage.modular.system.controller.UserMgrController', 'setRole', '2019-12-20 17:24:07', '成功', '账号=qqq,角色名称集合=临时'),
	(635, '业务日志', '修改角色', 1, 'com.jsnjfz.manage.modular.system.controller.RoleController', 'edit', '2019-12-20 17:25:06', '成功', '角色名称=网站管理人员;;;字段名称:角色名称,旧值:临时,新值:网站管理人员'),
	(636, '业务日志', '修改管理员', 1, 'com.jsnjfz.manage.modular.system.controller.UserMgrController', 'edit', '2019-12-20 17:25:43', '成功', '账号=ybzdxt;;;字段名称:账号,旧值:qqq,新值:ybzdxt;;;字段名称:null,旧值:11c6ca3b7b719400f7f0e723018a680a,新值:;;;字段名称:名字,旧值:asd,新值:压不住的心跳;;;字段名称:性别,旧值:女,新值:男;;;字段名称:电话,旧值:18670306770,新值:qweqwe'),
	(637, '业务日志', '重置管理员密码', 1, 'com.jsnjfz.manage.modular.system.controller.UserMgrController', 'reset', '2019-12-20 17:25:51', '成功', '账号=qqq'),
	(638, '业务日志', '修改管理员', 1, 'com.jsnjfz.manage.modular.system.controller.UserMgrController', 'edit', '2019-12-20 17:26:17', '成功', '账号=ybzdxt;;;字段名称:账号,旧值:qqq,新值:ybzdxt;;;字段名称:null,旧值:33b8dc88ca646c50c855eec9a8b07599,新值:'),
	(639, '业务日志', '修改管理员', 1, 'com.jsnjfz.manage.modular.system.controller.UserMgrController', 'edit', '2019-12-20 17:26:48', '成功', '账号=aaa;;;字段名称:账号,旧值:qqq,新值:aaa;;;字段名称:null,旧值:33b8dc88ca646c50c855eec9a8b07599,新值:'),
	(640, '业务日志', '删除管理员', 1, 'com.jsnjfz.manage.modular.system.controller.UserMgrController', 'delete', '2019-12-20 17:26:53', '成功', '账号=qqq'),
	(641, '业务日志', '添加管理员', 1, 'com.jsnjfz.manage.modular.system.controller.UserMgrController', 'add', '2019-12-20 17:27:15', '成功', '账号=ybzdxt'),
	(642, '业务日志', '分配角色', 1, 'com.jsnjfz.manage.modular.system.controller.UserMgrController', 'setRole', '2019-12-20 17:27:32', '成功', '账号=ybzdxt,角色名称集合=网站管理人员'),
	(643, '异常日志', '', 1, NULL, NULL, '2019-12-22 17:30:10', '失败', 'org.springframework.dao.DataIntegrityViolationException: \r\n### Error updating database.  Cause: com.mysql.cj.jdbc.exceptions.MysqlDataTruncation: Data truncation: Data too long for column \'url\' at row 1\r\n### The error may involve com.jsnjfz.manage.modular.system.dao.SiteMapper.insertSelective-Inline\r\n### The error occurred while setting parameters\r\n### SQL: insert into site          SET category_id=?,             title=?,             thumb=?,             description=?,             url=?,             create_time=now()\r\n### Cause: com.mysql.cj.jdbc.exceptions.MysqlDataTruncation: Data truncation: Data too long for column \'url\' at row 1\n; ]; Data truncation: Data too long for column \'url\' at row 1; nested exception is com.mysql.cj.jdbc.exceptions.MysqlDataTruncation: Data truncation: Data too long for column \'url\' at row 1\r\n	at org.springframework.jdbc.support.SQLStateSQLExceptionTranslator.doTranslate(SQLStateSQLExceptionTranslator.java:104)\r\n	at org.springframework.jdbc.support.AbstractFallbackSQLExceptionTranslator.translate(AbstractFallbackSQLExceptionTranslator.java:72)\r\n	at org.springframework.jdbc.support.AbstractFallbackSQLExceptionTranslator.translate(AbstractFallbackSQLExceptionTranslator.java:81)\r\n	at org.springframework.jdbc.support.AbstractFallbackSQLExceptionTranslator.translate(AbstractFallbackSQLExceptionTranslator.java:81)\r\n	at org.mybatis.spring.MyBatisExceptionTranslator.translateExceptionIfPossible(MyBatisExceptionTranslator.java:73)\r\n	at org.mybatis.spring.SqlSessionTemplateTSqlSessionInterceptor.invoke(SqlSessionTemplate.java:446)\r\n	at com.sun.proxy.TProxy87.insert(Unknown Source)\r\n	at org.mybatis.spring.SqlSessionTemplate.insert(SqlSessionTemplate.java:278)\r\n	at org.apache.ibatis.binding.MapperMethod.execute(MapperMethod.java:58)\r\n	at org.apache.ibatis.binding.MapperProxy.invoke(MapperProxy.java:59)\r\n	at com.sun.proxy.TProxy99.insertSelective(Unknown Source)\r\n	at com.jsnjfz.manage.modular.system.service.BaseService.insert(BaseService.java:248)\r\n	at com.jsnjfz.manage.modular.system.service.BaseService.saveOrUpdate(BaseService.java:240)\r\n	at com.jsnjfz.manage.modular.system.service.BaseServiceTTFastClassBySpringCGLIBTTccdca691.invoke(<generated>)\r\n	at org.springframework.cglib.proxy.MethodProxy.invoke(MethodProxy.java:204)\r\n	at org.springframework.aop.framework.CglibAopProxyTCglibMethodInvocation.invokeJoinpoint(CglibAopProxy.java:747)\r\n	at org.springframework.aop.framework.ReflectiveMethodInvocation.proceed(ReflectiveMethodInvocation.java:163)\r\n	at com.alibaba.druid.support.spring.stat.DruidStatInterceptor.invoke(DruidStatInterceptor.java:72)\r\n	at org.springframework.aop.framework.ReflectiveMethodInvocation.proceed(ReflectiveMethodInvocation.java:185)\r\n	at org.springframework.aop.framework.CglibAopProxyTDynamicAdvisedInterceptor.intercept(CglibAopProxy.java:689)\r\n	at com.jsnjfz.manage.modular.system.service.impl.SiteServiceImplTTEnhancerBySpringCGLIBTT5ecfeaab.saveOrUpdate(<generated>)\r\n	at com.jsnjfz.manage.modular.system.controller.SiteController.add(SiteController.java:105)\r\n	at com.jsnjfz.manage.modular.system.controller.SiteControllerTTFastClassBySpringCGLIBTT5313083b.invoke(<generated>)\r\n	at org.springframework.cglib.proxy.MethodProxy.invoke(MethodProxy.java:204)\r\n	at org.springframework.aop.framework.CglibAopProxyTCglibMethodInvocation.invokeJoinpoint(CglibAopProxy.java:747)\r\n	at org.springframework.aop.framework.ReflectiveMethodInvocation.proceed(ReflectiveMethodInvocation.java:163)\r\n	at org.springframework.aop.aspectj.MethodInvocationProceedingJoinPoint.proceed(MethodInvocationProceedingJoinPoint.java:89)\r\n	at com.jsnjfz.manage.core.interceptor.SessionHolderInterceptor.sessionKit(SessionHolderInterceptor.java:44)\r\n	at sun.reflect.GeneratedMethodAccessor91.invoke(Unknown Source)\r\n	at sun.reflect.DelegatingMethodAccessorImpl.invoke(Unknown Source)\r\n	at java.lang.reflect.Method.invoke(Unknown Source)\r\n	at org.springframework.aop.aspectj.AbstractAspectJAdvice.invokeAdviceMethodWithGivenArgs(AbstractAspectJAdvice.java:644)\r\n	at org.springframework.aop.aspectj.AbstractAspectJAdvice.invokeAdviceMethod(AbstractAspectJAdvice.java:633)\r\n	at org.springframework.aop.aspectj.AspectJAroundAdvice.invoke(AspectJAroundAdvice.java:70)\r\n	at org.springframework.aop.framework.ReflectiveMethodInvocation.proceed(ReflectiveMethodInvocation.java:185)\r\n	at org.springframework.aop.interceptor.ExposeInvocationInterceptor.invoke(ExposeInvocationInterceptor.java:92)\r\n	at org.springframework.aop.framework.ReflectiveMethodInvocation.proceed(ReflectiveMethodInvocation.java:185)\r\n	at org.springframework.aop.framework.CglibAopProxyTDynamicAdvisedInterceptor.intercept(CglibAopProxy.java:689)\r\n	at com.jsnjfz.manage.modular.system.controller.SiteControllerTTEnhancerBySpringCGLIBTT8d859e4c.add(<generated>)\r\n	at sun.reflect.NativeMethodAccessorImpl.invoke0(Native Method)\r\n	at sun.reflect.NativeMethodAccessorImpl.invoke(Unknown Source)\r\n	at sun.reflect.DelegatingMethodAccessorImpl.invoke(Unknown Source)\r\n	at java.lang.reflect.Method.invoke(Unknown Source)\r\n	at org.springframework.web.method.support.InvocableHandlerMethod.doInvoke(InvocableHandlerMethod.java:209)\r\n	at org.springframework.web.method.support.InvocableHandlerMethod.invokeForRequest(InvocableHandlerMethod.java:136)\r\n	at org.springframework.web.servlet.mvc.method.annotation.ServletInvocableHandlerMethod.invokeAndHandle(ServletInvocableHandlerMethod.java:102)\r\n	at org.springframework.web.servlet.mvc.method.annotation.RequestMappingHandlerAdapter.invokeHandlerMethod(RequestMappingHandlerAdapter.java:877)\r\n	at org.springframework.web.servlet.mvc.method.annotation.RequestMappingHandlerAdapter.handleInternal(RequestMappingHandlerAdapter.java:783)\r\n	at org.springframework.web.servlet.mvc.method.AbstractHandlerMethodAdapter.handle(AbstractHandlerMethodAdapter.java:87)\r\n	at org.springframework.web.servlet.DispatcherServlet.doDispatch(DispatcherServlet.java:991)\r\n	at org.springframework.web.servlet.DispatcherServlet.doService(DispatcherServlet.java:925)\r\n	at org.springframework.web.servlet.FrameworkServlet.processRequest(FrameworkServlet.java:974)\r\n	at org.springframework.web.servlet.FrameworkServlet.doPost(FrameworkServlet.java:877)\r\n	at javax.servlet.http.HttpServlet.service(HttpServlet.java:661)\r\n	at org.springframework.web.servlet.FrameworkServlet.service(FrameworkServlet.java:851)\r\n	at javax.servlet.http.HttpServlet.service(HttpServlet.java:742)\r\n	at org.apache.catalina.core.ApplicationFilterChain.internalDoFilter(ApplicationFilterChain.java:231)\r\n	at org.apache.catalina.core.ApplicationFilterChain.doFilter(ApplicationFilterChain.java:166)\r\n	at org.apache.tomcat.websocket.server.WsFilter.doFilter(WsFilter.java:52)\r\n	at org.apache.catalina.core.ApplicationFilterChain.internalDoFilter(ApplicationFilterChain.java:193)\r\n	at org.apache.catalina.core.ApplicationFilterChain.doFilter(ApplicationFilterChain.java:166)\r\n	at org.apache.shiro.web.servlet.ProxiedFilterChain.doFilter(ProxiedFilterChain.java:61)\r\n	at org.apache.shiro.web.servlet.AdviceFilter.executeChain(AdviceFilter.java:108)\r\n	at org.apache.shiro.web.servlet.AdviceFilter.doFilterInternal(AdviceFilter.java:137)\r\n	at org.apache.shiro.web.servlet.OncePerRequestFilter.doFilter(OncePerRequestFilter.java:125)\r\n	at org.apache.shiro.web.servlet.ProxiedFilterChain.doFilter(ProxiedFilterChain.java:66)\r\n	at org.apache.shiro.web.servlet.AbstractShiroFilter.executeChain(AbstractShiroFilter.java:449)\r\n	at org.apache.shiro.web.servlet.AbstractShiroFilterT1.call(AbstractShiroFilter.java:365)\r\n	at org.apache.shiro.subject.support.SubjectCallable.doCall(SubjectCallable.java:90)\r\n	at org.apache.shiro.subject.support.SubjectCallable.call(SubjectCallable.java:83)\r\n	at org.apache.shiro.subject.support.DelegatingSubject.execute(DelegatingSubject.java:387)\r\n	at org.apache.shiro.web.servlet.AbstractShiroFilter.doFilterInternal(AbstractShiroFilter.java:362)\r\n	at org.apache.shiro.web.servlet.OncePerRequestFilter.doFilter(OncePerRequestFilter.java:125)\r\n	at org.apache.catalina.core.ApplicationFilterChain.internalDoFilter(ApplicationFilterChain.java:193)\r\n	at org.apache.catalina.core.ApplicationFilterChain.doFilter(ApplicationFilterChain.java:166)\r\n	at cn.stylefeng.roses.core.xss.XssFilter.doFilter(XssFilter.java:31)\r\n	at org.apache.catalina.core.ApplicationFilterChain.internalDoFilter(ApplicationFilterChain.java:193)\r\n	at org.apache.catalina.core.ApplicationFilterChain.doFilter(ApplicationFilterChain.java:166)\r\n	at com.alibaba.druid.support.http.WebStatFilter.doFilter(WebStatFilter.java:123)\r\n	at org.apache.catalina.core.ApplicationFilterChain.internalDoFilter(ApplicationFilterChain.java:193)\r\n	at org.apache.catalina.core.ApplicationFilterChain.doFilter(ApplicationFilterChain.java:166)\r\n	at org.springframework.web.filter.RequestContextFilter.doFilterInternal(RequestContextFilter.java:99)\r\n	at org.springframework.web.filter.OncePerRequestFilter.doFilter(OncePerRequestFilter.java:107)\r\n	at org.apache.catalina.core.ApplicationFilterChain.internalDoFilter(ApplicationFilterChain.java:193)\r\n	at org.apache.catalina.core.ApplicationFilterChain.doFilter(ApplicationFilterChain.java:166)\r\n	at org.springframework.web.filter.HttpPutFormContentFilter.doFilterInternal(HttpPutFormContentFilter.java:109)\r\n	at org.springframework.web.filter.OncePerRequestFilter.doFilter(OncePerRequestFilter.java:107)\r\n	at org.apache.catalina.core.ApplicationFilterChain.internalDoFilter(ApplicationFilterChain.java:193)\r\n	at org.apache.catalina.core.ApplicationFilterChain.doFilter(ApplicationFilterChain.java:166)\r\n	at org.springframework.web.filter.HiddenHttpMethodFilter.doFilterInternal(HiddenHttpMethodFilter.java:81)\r\n	at org.springframework.web.filter.OncePerRequestFilter.doFilter(OncePerRequestFilter.java:107)\r\n	at org.apache.catalina.core.ApplicationFilterChain.internalDoFilter(ApplicationFilterChain.java:193)\r\n	at org.apache.catalina.core.ApplicationFilterChain.doFilter(ApplicationFilterChain.java:166)\r\n	at org.springframework.web.filter.CharacterEncodingFilter.doFilterInternal(CharacterEncodingFilter.java:200)\r\n	at org.springframework.web.filter.OncePerRequestFilter.doFilter(OncePerRequestFilter.java:107)\r\n	at org.apache.catalina.core.ApplicationFilterChain.internalDoFilter(ApplicationFilterChain.java:193)\r\n	at org.apache.catalina.core.ApplicationFilterChain.doFilter(ApplicationFilterChain.java:166)\r\n	at org.apache.catalina.core.StandardWrapperValve.invoke(StandardWrapperValve.java:198)\r\n	at org.apache.catalina.core.StandardContextValve.invoke(StandardContextValve.java:96)\r\n	at org.apache.catalina.authenticator.AuthenticatorBase.invoke(AuthenticatorBase.java:496)\r\n	at org.apache.catalina.core.StandardHostValve.invoke(StandardHostValve.java:140)\r\n	at org.apache.catalina.valves.ErrorReportValve.invoke(ErrorReportValve.java:81)\r\n	at org.apache.catalina.core.StandardEngineValve.invoke(StandardEngineValve.java:87)\r\n	at org.apache.catalina.connector.CoyoteAdapter.service(CoyoteAdapter.java:342)\r\n	at org.apache.coyote.http11.Http11Processor.service(Http11Processor.java:803)\r\n	at org.apache.coyote.AbstractProcessorLight.process(AbstractProcessorLight.java:66)\r\n	at org.apache.coyote.AbstractProtocolTConnectionHandler.process(AbstractProtocol.java:790)\r\n	at org.apache.tomcat.util.net.NioEndpointTSocketProcessor.doRun(NioEndpoint.java:1459)\r\n	at org.apache.tomcat.util.net.SocketProcessorBase.run(SocketProcessorBase.java:49)\r\n	at java.util.concurrent.ThreadPoolExecutor.runWorker(Unknown Source)\r\n	at java.util.concurrent.ThreadPoolExecutorTWorker.run(Unknown Source)\r\n	at org.apache.tomcat.util.threads.TaskThreadTWrappingRunnable.run(TaskThread.java:61)\r\n	at java.lang.Thread.run(Unknown Source)\r\nCaused by: com.mysql.cj.jdbc.exceptions.MysqlDataTruncation: Data truncation: Data too long for column \'url\' at row 1\r\n	at com.mysql.cj.jdbc.exceptions.SQLExceptionsMapping.translateException(SQLExceptionsMapping.java:104)\r\n	at com.mysql.cj.jdbc.ClientPreparedStatement.executeInternal(ClientPreparedStatement.java:960)\r\n	at com.mysql.cj.jdbc.ClientPreparedStatement.execute(ClientPreparedStatement.java:388)\r\n	at com.alibaba.druid.filter.FilterChainImpl.preparedStatement_execute(FilterChainImpl.java:3409)\r\n	at com.alibaba.druid.filter.FilterEventAdapter.preparedStatement_execute(FilterEventAdapter.java:440)\r\n	at com.alibaba.druid.filter.FilterChainImpl.preparedStatement_execute(FilterChainImpl.java:3407)\r\n	at com.alibaba.druid.wall.WallFilter.preparedStatement_execute(WallFilter.java:619)\r\n	at com.alibaba.druid.filter.FilterChainImpl.preparedStatement_execute(FilterChainImpl.java:3407)\r\n	at com.alibaba.druid.proxy.jdbc.PreparedStatementProxyImpl.execute(PreparedStatementProxyImpl.java:167)\r\n	at com.alibaba.druid.pool.DruidPooledPreparedStatement.execute(DruidPooledPreparedStatement.java:498)\r\n	at sun.reflect.GeneratedMethodAccessor110.invoke(Unknown Source)\r\n	at sun.reflect.DelegatingMethodAccessorImpl.invoke(Unknown Source)\r\n	at java.lang.reflect.Method.invoke(Unknown Source)\r\n	at org.apache.ibatis.logging.jdbc.PreparedStatementLogger.invoke(PreparedStatementLogger.java:59)\r\n	at com.sun.proxy.TProxy117.execute(Unknown Source)\r\n	at org.apache.ibatis.executor.statement.PreparedStatementHandler.update(PreparedStatementHandler.java:46)\r\n	at org.apache.ibatis.executor.statement.RoutingStatementHandler.update(RoutingStatementHandler.java:74)\r\n	at sun.reflect.NativeMethodAccessorImpl.invoke0(Native Method)\r\n	at sun.reflect.NativeMethodAccessorImpl.invoke(Unknown Source)\r\n	at sun.reflect.DelegatingMethodAccessorImpl.invoke(Unknown Source)\r\n	at java.lang.reflect.Method.invoke(Unknown Source)\r\n	at org.apache.ibatis.plugin.Plugin.invoke(Plugin.java:63)\r\n	at com.sun.proxy.TProxy114.update(Unknown Source)\r\n	at sun.reflect.NativeMethodAccessorImpl.invoke0(Native Method)\r\n	at sun.reflect.NativeMethodAccessorImpl.invoke(Unknown Source)\r\n	at sun.reflect.DelegatingMethodAccessorImpl.invoke(Unknown Source)\r\n	at java.lang.reflect.Method.invoke(Unknown Source)\r\n	at org.apache.ibatis.plugin.Plugin.invoke(Plugin.java:63)\r\n	at com.sun.proxy.TProxy114.update(Unknown Source)\r\n	at org.apache.ibatis.executor.SimpleExecutor.doUpdate(SimpleExecutor.java:50)\r\n	at org.apache.ibatis.executor.BaseExecutor.update(BaseExecutor.java:117)\r\n	at org.apache.ibatis.executor.CachingExecutor.update(CachingExecutor.java:76)\r\n	at sun.reflect.NativeMethodAccessorImpl.invoke0(Native Method)\r\n	at sun.reflect.NativeMethodAccessorImpl.invoke(Unknown Source)\r\n	at sun.reflect.DelegatingMethodAccessorImpl.invoke(Unknown Source)\r\n	at java.lang.reflect.Method.invoke(Unknown Source)\r\n	at org.apache.ibatis.plugin.Invocation.proceed(Invocation.java:49)\r\n	at com.baomidou.mybatisplus.plugins.OptimisticLockerInterceptor.intercept(OptimisticLockerInterceptor.java:71)\r\n	at org.apache.ibatis.plugin.Plugin.invoke(Plugin.java:61)\r\n	at com.sun.proxy.TProxy113.update(Unknown Source)\r\n	at org.apache.ibatis.session.defaults.DefaultSqlSession.update(DefaultSqlSession.java:198)\r\n	at org.apache.ibatis.session.defaults.DefaultSqlSession.insert(DefaultSqlSession.java:185)\r\n	at sun.reflect.NativeMethodAccessorImpl.invoke0(Native Method)\r\n	at sun.reflect.NativeMethodAccessorImpl.invoke(Unknown Source)\r\n	at sun.reflect.DelegatingMethodAccessorImpl.invoke(Unknown Source)\r\n	at java.lang.reflect.Method.invoke(Unknown Source)\r\n	at org.mybatis.spring.SqlSessionTemplateTSqlSessionInterceptor.invoke(SqlSessionTemplate.java:433)\r\n	... 107 more\r\n');
/*!40000 ALTER TABLE `sys_operation_log` ENABLE KEYS */;


-- 导出  表 webstack.sys_relation 结构
CREATE TABLE IF NOT EXISTS `sys_relation` (
  `id` int(11) NOT NULL AUTO_INCREMENT COMMENT '主键',
  `menuid` bigint(11) DEFAULT NULL COMMENT '菜单id',
  `roleid` int(11) DEFAULT NULL COMMENT '角色id',
  PRIMARY KEY (`id`) USING BTREE
) ENGINE=InnoDB AUTO_INCREMENT=3907 DEFAULT CHARSET=utf8 ROW_FORMAT=DYNAMIC COMMENT='角色和菜单关联表';

-- 正在导出表  webstack.sys_relation 的数据：~59 rows (大约)
/*!40000 ALTER TABLE `sys_relation` DISABLE KEYS */;
REPLACE INTO `sys_relation` (`id`, `menuid`, `roleid`) VALUES
	(3848, 105, 1),
	(3849, 106, 1),
	(3850, 107, 1),
	(3851, 108, 1),
	(3852, 109, 1),
	(3853, 110, 1),
	(3854, 111, 1),
	(3855, 112, 1),
	(3856, 113, 1),
	(3857, 165, 1),
	(3858, 166, 1),
	(3859, 167, 1),
	(3860, 114, 1),
	(3861, 115, 1),
	(3862, 116, 1),
	(3863, 117, 1),
	(3864, 118, 1),
	(3865, 162, 1),
	(3866, 163, 1),
	(3867, 164, 1),
	(3868, 119, 1),
	(3869, 120, 1),
	(3870, 121, 1),
	(3871, 122, 1),
	(3872, 150, 1),
	(3873, 151, 1),
	(3874, 128, 1),
	(3875, 134, 1),
	(3876, 158, 1),
	(3877, 159, 1),
	(3878, 130, 1),
	(3879, 131, 1),
	(3880, 135, 1),
	(3881, 136, 1),
	(3882, 137, 1),
	(3883, 152, 1),
	(3884, 153, 1),
	(3885, 154, 1),
	(3886, 132, 1),
	(3887, 138, 1),
	(3888, 139, 1),
	(3889, 140, 1),
	(3890, 155, 1),
	(3891, 156, 1),
	(3892, 157, 1),
	(3893, 133, 1),
	(3894, 160, 1),
	(3895, 161, 1),
	(3896, 141, 1),
	(3897, 142, 1),
	(3898, 143, 1),
	(3899, 144, 1),
	(3900, 145, 1),
	(3901, 148, 1),
	(3902, 149, 1),
	(3903, 171, 1),
	(3904, 173, 1),
	(3905, 171, 5),
	(3906, 173, 5);
/*!40000 ALTER TABLE `sys_relation` ENABLE KEYS */;


-- 导出  表 webstack.sys_role 结构
CREATE TABLE IF NOT EXISTS `sys_role` (
  `id` int(11) NOT NULL AUTO_INCREMENT COMMENT '主键id',
  `num` int(11) DEFAULT NULL COMMENT '序号',
  `pid` int(11) DEFAULT NULL COMMENT '父角色id',
  `name` varchar(255) DEFAULT NULL COMMENT '角色名称',
  `deptid` int(11) DEFAULT NULL COMMENT '部门名称',
  `tips` varchar(255) DEFAULT NULL COMMENT '提示',
  `version` int(11) DEFAULT NULL COMMENT '保留字段(暂时没用）',
  PRIMARY KEY (`id`) USING BTREE
) ENGINE=InnoDB AUTO_INCREMENT=6 DEFAULT CHARSET=utf8 ROW_FORMAT=DYNAMIC COMMENT='角色表';

-- 正在导出表  webstack.sys_role 的数据：~2 rows (大约)
/*!40000 ALTER TABLE `sys_role` DISABLE KEYS */;
REPLACE INTO `sys_role` (`id`, `num`, `pid`, `name`, `deptid`, `tips`, `version`) VALUES
	(1, 1, 0, '超级管理员', 24, 'administrator', 1),
	(5, 2, 1, '网站管理人员', 26, 'temp', NULL);
/*!40000 ALTER TABLE `sys_role` ENABLE KEYS */;


-- 导出  表 webstack.sys_user 结构
CREATE TABLE IF NOT EXISTS `sys_user` (
  `id` int(11) NOT NULL AUTO_INCREMENT COMMENT '主键id',
  `avatar` varchar(255) DEFAULT NULL COMMENT '头像',
  `account` varchar(45) DEFAULT NULL COMMENT '账号',
  `password` varchar(45) DEFAULT NULL COMMENT '密码',
  `salt` varchar(45) DEFAULT NULL COMMENT 'md5密码盐',
  `name` varchar(45) DEFAULT NULL COMMENT '名字',
  `birthday` datetime DEFAULT NULL COMMENT '生日',
  `sex` int(11) DEFAULT NULL COMMENT '性别（1：男 2：女）',
  `email` varchar(45) DEFAULT NULL COMMENT '电子邮件',
  `phone` varchar(45) DEFAULT NULL COMMENT '电话',
  `roleid` varchar(255) DEFAULT NULL COMMENT '角色id',
  `deptid` int(11) DEFAULT NULL COMMENT '部门id',
  `status` int(11) DEFAULT NULL COMMENT '状态(1：启用  2：冻结  3：删除）',
  `createtime` datetime DEFAULT NULL COMMENT '创建时间',
  `version` int(11) DEFAULT NULL COMMENT '保留字段',
  PRIMARY KEY (`id`) USING BTREE
) ENGINE=InnoDB AUTO_INCREMENT=49 DEFAULT CHARSET=utf8 ROW_FORMAT=DYNAMIC COMMENT='管理员表';

-- 正在导出表  webstack.sys_user 的数据：~6 rows (大约)
/*!40000 ALTER TABLE `sys_user` DISABLE KEYS */;
REPLACE INTO `sys_user` (`id`, `avatar`, `account`, `password`, `salt`, `name`, `birthday`, `sex`, `email`, `phone`, `roleid`, `deptid`, `status`, `createtime`, `version`) VALUES
	(1, '0c8d1d57-5464-49bd-becb-9025a28e5a72.jpg', 'admin', 'ecfadcde9305f8891bcfe5a1e28c253e', '8pgby', '管理员', '2017-05-05 00:00:00', 1, '111@qq.com', '1111', '1', 27, 1, '2016-01-29 08:49:53', 25),
	(44, NULL, 'test', '45abb7879f6a8268f1ef600e6038ac73', 'ssts3', 'test', '2017-05-01 00:00:00', 1, 'abc@123.com', '', '5', 26, 3, '2017-05-16 20:33:37', NULL),
	(45, NULL, 'boss', '71887a5ad666a18f709e1d4e693d5a35', '1f7bf', '老板', '2017-12-04 00:00:00', 1, '', '', '1', 24, 1, '2017-12-04 22:24:02', NULL),
	(46, NULL, 'manager', 'b53cac62e7175637d4beb3b16b2f7915', 'j3cs9', '经理', '2017-12-04 00:00:00', 1, '', '', '1', 24, 1, '2017-12-04 22:24:24', NULL),
	(47, '', 'qqq', '33b8dc88ca646c50c855eec9a8b07599', '1w7lj', '压不住的心跳', '2019-12-10 00:00:00', 1, '', 'qweqwe', '5', 26, 3, '2019-12-20 17:22:57', NULL),
	(48, '', 'ybzdxt', '5fb72b2807ee9d1aae232d7fd2cc8942', 'nzzb1', '压不住的心跳', '2019-12-10 00:00:00', 1, '', '', '5', 27, 1, '2019-12-20 17:27:15', NULL);
/*!40000 ALTER TABLE `sys_user` ENABLE KEYS */;
/*!40101 SET SQL_MODE=IFNULL(@OLD_SQL_MODE, '') */;
/*!40014 SET FOREIGN_KEY_CHECKS=IF(@OLD_FOREIGN_KEY_CHECKS IS NULL, 1, @OLD_FOREIGN_KEY_CHECKS) */;
/*!40101 SET CHARACTER_SET_CLIENT=@OLD_CHARACTER_SET_CLIENT */;
